2024-11-15T08:14:11.839-05:00  INFO 18856 --- [SysAlmacenFX] [JavaFX-Launcher] o.s.boot.SpringApplication               : Starting application using Java 17.0.13 with PID 18856 (started by User in D:\erick avances\MijaelAvancesPOO\SysAlmacenFX)
2024-11-15T08:14:11.845-05:00  INFO 18856 --- [SysAlmacenFX] [JavaFX-Launcher] o.s.boot.SpringApplication               : No active profile set, falling back to 1 default profile: "default"
2024-11-15T08:14:12.566-05:00  INFO 18856 --- [SysAlmacenFX] [JavaFX-Launcher] .s.d.r.c.RepositoryConfigurationDelegate : Bootstrapping Spring Data JPA repositories in DEFAULT mode.
2024-11-15T08:14:12.681-05:00  INFO 18856 --- [SysAlmacenFX] [JavaFX-Launcher] .s.d.r.c.RepositoryConfigurationDelegate : Finished Spring Data repository scanning in 105 ms. Found 15 JPA repository interfaces.
2024-11-15T08:14:13.151-05:00  INFO 18856 --- [SysAlmacenFX] [JavaFX-Launcher] o.hibernate.jpa.internal.util.LogHelper  : HHH000204: Processing PersistenceUnitInfo [name: default]
2024-11-15T08:14:13.213-05:00  INFO 18856 --- [SysAlmacenFX] [JavaFX-Launcher] org.hibernate.Version                    : HHH000412: Hibernate ORM core version 6.5.3.Final
2024-11-15T08:14:13.245-05:00  INFO 18856 --- [SysAlmacenFX] [JavaFX-Launcher] o.h.c.internal.RegionFactoryInitiator    : HHH000026: Second-level cache disabled
2024-11-15T08:14:13.569-05:00  INFO 18856 --- [SysAlmacenFX] [JavaFX-Launcher] o.s.o.j.p.SpringPersistenceUnitInfo      : No LoadTimeWeaver setup: ignoring JPA class transformer
2024-11-15T08:14:13.603-05:00  INFO 18856 --- [SysAlmacenFX] [JavaFX-Launcher] com.zaxxer.hikari.HikariDataSource       : HikariPool-1 - Starting...
2024-11-15T08:14:13.736-05:00  INFO 18856 --- [SysAlmacenFX] [JavaFX-Launcher] com.zaxxer.hikari.pool.HikariPool        : HikariPool-1 - Added connection org.sqlite.jdbc4.JDBC4Connection@3216b851
2024-11-15T08:14:13.739-05:00  INFO 18856 --- [SysAlmacenFX] [JavaFX-Launcher] com.zaxxer.hikari.HikariDataSource       : HikariPool-1 - Start completed.
2024-11-15T08:14:15.179-05:00  INFO 18856 --- [SysAlmacenFX] [JavaFX-Launcher] o.h.e.t.j.p.i.JtaPlatformInitiator       : HHH000489: No JTA platform available (set 'hibernate.transaction.jta.platform' to enable JTA platform integration)
2024-11-15T08:14:15.228-05:00  INFO 18856 --- [SysAlmacenFX] [JavaFX-Launcher] j.LocalContainerEntityManagerFactoryBean : Initialized JPA EntityManagerFactory for persistence unit 'default'
2024-11-15T08:14:15.562-05:00  INFO 18856 --- [SysAlmacenFX] [JavaFX-Launcher] o.s.d.j.r.query.QueryEnhancerFactory     : Hibernate is in classpath; If applicable, HQL parser will be used.
2024-11-15T08:14:16.045-05:00  INFO 18856 --- [SysAlmacenFX] [JavaFX-Launcher] o.s.boot.SpringApplication               : Started application in 4.945 seconds (process running for 6.79)
2024-11-15T08:14:16.141-05:00  WARN 18856 --- [SysAlmacenFX] [JavaFX-Launcher] javafx                                   : Loading FXML document with JavaFX API of version 22 by JavaFX runtime of version 16
2024-11-15T08:14:24.542-05:00  WARN 18856 --- [SysAlmacenFX] [JavaFX Application Thread] javafx                                   : Loading FXML document with JavaFX API of version 22 by JavaFX runtime of version 16
2024-11-15T08:14:32.531-05:00 ERROR 18856 --- [SysAlmacenFX] [JavaFX Application Thread] p.e.u.s.servicio.ProductoService         : Error al realizar la busqueda

org.springframework.orm.jpa.JpaObjectRetrievalFailureException: Unable to find pe.edu.upeu.sysalmacenfx.modelo.Categoria with id 2
	at org.springframework.orm.jpa.EntityManagerFactoryUtils.convertJpaAccessExceptionIfPossible(EntityManagerFactoryUtils.java:376) ~[spring-orm-6.1.13.jar:6.1.13]
	at org.springframework.orm.jpa.vendor.HibernateJpaDialect.translateExceptionIfPossible(HibernateJpaDialect.java:246) ~[spring-orm-6.1.13.jar:6.1.13]
	at org.springframework.orm.jpa.AbstractEntityManagerFactoryBean.translateExceptionIfPossible(AbstractEntityManagerFactoryBean.java:550) ~[spring-orm-6.1.13.jar:6.1.13]
	at org.springframework.dao.support.ChainedPersistenceExceptionTranslator.translateExceptionIfPossible(ChainedPersistenceExceptionTranslator.java:61) ~[spring-tx-6.1.13.jar:6.1.13]
	at org.springframework.dao.support.DataAccessUtils.translateIfNecessary(DataAccessUtils.java:335) ~[spring-tx-6.1.13.jar:6.1.13]
	at org.springframework.dao.support.PersistenceExceptionTranslationInterceptor.invoke(PersistenceExceptionTranslationInterceptor.java:160) ~[spring-tx-6.1.13.jar:6.1.13]
	at org.springframework.aop.framework.ReflectiveMethodInvocation.proceed(ReflectiveMethodInvocation.java:184) ~[spring-aop-6.1.13.jar:6.1.13]
	at org.springframework.data.jpa.repository.support.CrudMethodMetadataPostProcessor$CrudMethodMetadataPopulatingMethodInterceptor.invoke(CrudMethodMetadataPostProcessor.java:165) ~[spring-data-jpa-3.3.4.jar:3.3.4]
	at org.springframework.aop.framework.ReflectiveMethodInvocation.proceed(ReflectiveMethodInvocation.java:184) ~[spring-aop-6.1.13.jar:6.1.13]
	at org.springframework.aop.interceptor.ExposeInvocationInterceptor.invoke(ExposeInvocationInterceptor.java:97) ~[spring-aop-6.1.13.jar:6.1.13]
	at org.springframework.aop.framework.ReflectiveMethodInvocation.proceed(ReflectiveMethodInvocation.java:184) ~[spring-aop-6.1.13.jar:6.1.13]
	at org.springframework.aop.framework.JdkDynamicAopProxy.invoke(JdkDynamicAopProxy.java:223) ~[spring-aop-6.1.13.jar:6.1.13]
	at jdk.proxy2/jdk.proxy2.$Proxy123.findAll(Unknown Source) ~[na:na]
	at pe.edu.upeu.sysalmacenfx.servicio.ProductoService.listAutoCompletProducto(ProductoService.java:56) ~[classes/:na]
	at pe.edu.upeu.sysalmacenfx.control.Venta_Controller.listarProducto(Venta_Controller.java:103) ~[classes/:na]
	at pe.edu.upeu.sysalmacenfx.control.Venta_Controller.initialize(Venta_Controller.java:84) ~[classes/:na]
	at java.base/jdk.internal.reflect.NativeMethodAccessorImpl.invoke0(Native Method) ~[na:na]
	at java.base/jdk.internal.reflect.NativeMethodAccessorImpl.invoke(NativeMethodAccessorImpl.java:77) ~[na:na]
	at java.base/jdk.internal.reflect.DelegatingMethodAccessorImpl.invoke(DelegatingMethodAccessorImpl.java:43) ~[na:na]
	at java.base/java.lang.reflect.Method.invoke(Method.java:569) ~[na:na]
	at com.sun.javafx.reflect.Trampoline.invoke(MethodUtil.java:76) ~[javafx-base-16-win.jar:na]
	at java.base/jdk.internal.reflect.NativeMethodAccessorImpl.invoke0(Native Method) ~[na:na]
	at java.base/jdk.internal.reflect.NativeMethodAccessorImpl.invoke(NativeMethodAccessorImpl.java:77) ~[na:na]
	at java.base/jdk.internal.reflect.DelegatingMethodAccessorImpl.invoke(DelegatingMethodAccessorImpl.java:43) ~[na:na]
	at java.base/java.lang.reflect.Method.invoke(Method.java:569) ~[na:na]
	at com.sun.javafx.reflect.MethodUtil.invoke(MethodUtil.java:273) ~[javafx-base-16-win.jar:na]
	at com.sun.javafx.fxml.MethodHelper.invoke(MethodHelper.java:83) ~[javafx-fxml-16-win.jar:na]
	at javafx.fxml.FXMLLoader.loadImpl(FXMLLoader.java:2673) ~[javafx-fxml-16-win.jar:na]
	at javafx.fxml.FXMLLoader.loadImpl(FXMLLoader.java:2548) ~[javafx-fxml-16-win.jar:na]
	at javafx.fxml.FXMLLoader.load(FXMLLoader.java:2517) ~[javafx-fxml-16-win.jar:na]
	at pe.edu.upeu.sysalmacenfx.control.GUIMainFX$MenuItemListener.handle(GUIMainFX.java:156) ~[classes/:na]
	at com.sun.javafx.event.CompositeEventHandler.dispatchBubblingEvent(CompositeEventHandler.java:86) ~[javafx-base-16-win.jar:na]
	at com.sun.javafx.event.EventHandlerManager.dispatchBubblingEvent(EventHandlerManager.java:234) ~[javafx-base-16-win.jar:na]
	at com.sun.javafx.event.EventHandlerManager.dispatchBubblingEvent(EventHandlerManager.java:191) ~[javafx-base-16-win.jar:na]
	at com.sun.javafx.event.BasicEventDispatcher.dispatchEvent(BasicEventDispatcher.java:58) ~[javafx-base-16-win.jar:na]
	at com.sun.javafx.event.EventDispatchChainImpl.dispatchEvent(EventDispatchChainImpl.java:114) ~[javafx-base-16-win.jar:na]
	at com.sun.javafx.event.EventUtil.fireEventImpl(EventUtil.java:74) ~[javafx-base-16-win.jar:na]
	at com.sun.javafx.event.EventUtil.fireEvent(EventUtil.java:49) ~[javafx-base-16-win.jar:na]
	at javafx.event.Event.fireEvent(Event.java:198) ~[javafx-base-16-win.jar:na]
	at javafx.scene.control.MenuItem.fire(MenuItem.java:459) ~[javafx-controls-16-win.jar:na]
	at com.sun.javafx.scene.control.ContextMenuContent$MenuItemContainer.doSelect(ContextMenuContent.java:1385) ~[javafx-controls-16-win.jar:na]
	at com.sun.javafx.scene.control.ContextMenuContent$MenuItemContainer.lambda$createChildren$12(ContextMenuContent.java:1338) ~[javafx-controls-16-win.jar:na]
	at com.sun.javafx.event.CompositeEventHandler$NormalEventHandlerRecord.handleBubblingEvent(CompositeEventHandler.java:247) ~[javafx-base-16-win.jar:na]
	at com.sun.javafx.event.CompositeEventHandler.dispatchBubblingEvent(CompositeEventHandler.java:80) ~[javafx-base-16-win.jar:na]
	at com.sun.javafx.event.EventHandlerManager.dispatchBubblingEvent(EventHandlerManager.java:234) ~[javafx-base-16-win.jar:na]
	at com.sun.javafx.event.EventHandlerManager.dispatchBubblingEvent(EventHandlerManager.java:191) ~[javafx-base-16-win.jar:na]
	at com.sun.javafx.event.CompositeEventDispatcher.dispatchBubblingEvent(CompositeEventDispatcher.java:59) ~[javafx-base-16-win.jar:na]
	at com.sun.javafx.event.BasicEventDispatcher.dispatchEvent(BasicEventDispatcher.java:58) ~[javafx-base-16-win.jar:na]
	at com.sun.javafx.event.EventDispatchChainImpl.dispatchEvent(EventDispatchChainImpl.java:114) ~[javafx-base-16-win.jar:na]
	at com.sun.javafx.event.BasicEventDispatcher.dispatchEvent(BasicEventDispatcher.java:56) ~[javafx-base-16-win.jar:na]
	at com.sun.javafx.event.EventDispatchChainImpl.dispatchEvent(EventDispatchChainImpl.java:114) ~[javafx-base-16-win.jar:na]
	at com.sun.javafx.event.BasicEventDispatcher.dispatchEvent(BasicEventDispatcher.java:56) ~[javafx-base-16-win.jar:na]
	at com.sun.javafx.event.EventDispatchChainImpl.dispatchEvent(EventDispatchChainImpl.java:114) ~[javafx-base-16-win.jar:na]
	at com.sun.javafx.event.BasicEventDispatcher.dispatchEvent(BasicEventDispatcher.java:56) ~[javafx-base-16-win.jar:na]
	at com.sun.javafx.event.EventDispatchChainImpl.dispatchEvent(EventDispatchChainImpl.java:114) ~[javafx-base-16-win.jar:na]
	at com.sun.javafx.event.EventUtil.fireEventImpl(EventUtil.java:74) ~[javafx-base-16-win.jar:na]
	at com.sun.javafx.event.EventUtil.fireEvent(EventUtil.java:54) ~[javafx-base-16-win.jar:na]
	at javafx.event.Event.fireEvent(Event.java:198) ~[javafx-base-16-win.jar:na]
	at javafx.scene.Scene$MouseHandler.process(Scene.java:3856) ~[javafx-graphics-16-win.jar:na]
	at javafx.scene.Scene.processMouseEvent(Scene.java:1851) ~[javafx-graphics-16-win.jar:na]
	at javafx.scene.Scene$ScenePeerListener.mouseEvent(Scene.java:2584) ~[javafx-graphics-16-win.jar:na]
	at com.sun.javafx.tk.quantum.GlassViewEventHandler$MouseEventNotification.run(GlassViewEventHandler.java:409) ~[javafx-graphics-16-win.jar:na]
	at com.sun.javafx.tk.quantum.GlassViewEventHandler$MouseEventNotification.run(GlassViewEventHandler.java:299) ~[javafx-graphics-16-win.jar:na]
	at java.base/java.security.AccessController.doPrivileged(AccessController.java:399) ~[na:na]
	at com.sun.javafx.tk.quantum.GlassViewEventHandler.lambda$handleMouseEvent$2(GlassViewEventHandler.java:447) ~[javafx-graphics-16-win.jar:na]
	at com.sun.javafx.tk.quantum.QuantumToolkit.runWithoutRenderLock(QuantumToolkit.java:412) ~[javafx-graphics-16-win.jar:na]
	at com.sun.javafx.tk.quantum.GlassViewEventHandler.handleMouseEvent(GlassViewEventHandler.java:446) ~[javafx-graphics-16-win.jar:na]
	at com.sun.glass.ui.View.handleMouseEvent(View.java:556) ~[javafx-graphics-16-win.jar:na]
	at com.sun.glass.ui.View.notifyMouse(View.java:942) ~[javafx-graphics-16-win.jar:na]
	at com.sun.glass.ui.win.WinApplication._runLoop(Native Method) ~[javafx-graphics-16-win.jar:na]
	at com.sun.glass.ui.win.WinApplication.lambda$runLoop$3(WinApplication.java:174) ~[javafx-graphics-16-win.jar:na]
	at java.base/java.lang.Thread.run(Thread.java:840) ~[na:na]
Caused by: jakarta.persistence.EntityNotFoundException: Unable to find pe.edu.upeu.sysalmacenfx.modelo.Categoria with id 2
	at org.hibernate.jpa.boot.internal.EntityManagerFactoryBuilderImpl$JpaEntityNotFoundDelegate.handleEntityNotFound(EntityManagerFactoryBuilderImpl.java:190) ~[hibernate-core-6.5.3.Final.jar:6.5.3.Final]
	at org.hibernate.event.internal.DefaultLoadEventListener.load(DefaultLoadEventListener.java:212) ~[hibernate-core-6.5.3.Final.jar:6.5.3.Final]
	at org.hibernate.event.internal.DefaultLoadEventListener.loadWithRegularProxy(DefaultLoadEventListener.java:290) ~[hibernate-core-6.5.3.Final.jar:6.5.3.Final]
	at org.hibernate.event.internal.DefaultLoadEventListener.proxyOrLoad(DefaultLoadEventListener.java:242) ~[hibernate-core-6.5.3.Final.jar:6.5.3.Final]
	at org.hibernate.event.internal.DefaultLoadEventListener.doOnLoad(DefaultLoadEventListener.java:111) ~[hibernate-core-6.5.3.Final.jar:6.5.3.Final]
	at org.hibernate.event.internal.DefaultLoadEventListener.onLoad(DefaultLoadEventListener.java:68) ~[hibernate-core-6.5.3.Final.jar:6.5.3.Final]
	at org.hibernate.event.service.internal.EventListenerGroupImpl.fireEventOnEachListener(EventListenerGroupImpl.java:138) ~[hibernate-core-6.5.3.Final.jar:6.5.3.Final]
	at org.hibernate.internal.SessionImpl.fireLoadNoChecks(SessionImpl.java:1225) ~[hibernate-core-6.5.3.Final.jar:6.5.3.Final]
	at org.hibernate.internal.SessionImpl.internalLoad(SessionImpl.java:1071) ~[hibernate-core-6.5.3.Final.jar:6.5.3.Final]
	at org.hibernate.sql.results.graph.entity.internal.EntitySelectFetchInitializer.initializeInstance(EntitySelectFetchInitializer.java:215) ~[hibernate-core-6.5.3.Final.jar:6.5.3.Final]
	at org.hibernate.sql.results.internal.InitializersList.initializeInstance(InitializersList.java:73) ~[hibernate-core-6.5.3.Final.jar:6.5.3.Final]
	at org.hibernate.sql.results.internal.StandardRowReader.coordinateInitializers(StandardRowReader.java:113) ~[hibernate-core-6.5.3.Final.jar:6.5.3.Final]
	at org.hibernate.sql.results.internal.StandardRowReader.readRow(StandardRowReader.java:87) ~[hibernate-core-6.5.3.Final.jar:6.5.3.Final]
	at org.hibernate.sql.results.spi.ListResultsConsumer.consume(ListResultsConsumer.java:205) ~[hibernate-core-6.5.3.Final.jar:6.5.3.Final]
	at org.hibernate.sql.results.spi.ListResultsConsumer.consume(ListResultsConsumer.java:33) ~[hibernate-core-6.5.3.Final.jar:6.5.3.Final]
	at org.hibernate.sql.exec.internal.JdbcSelectExecutorStandardImpl.doExecuteQuery(JdbcSelectExecutorStandardImpl.java:211) ~[hibernate-core-6.5.3.Final.jar:6.5.3.Final]
	at org.hibernate.sql.exec.internal.JdbcSelectExecutorStandardImpl.executeQuery(JdbcSelectExecutorStandardImpl.java:83) ~[hibernate-core-6.5.3.Final.jar:6.5.3.Final]
	at org.hibernate.sql.exec.spi.JdbcSelectExecutor.list(JdbcSelectExecutor.java:76) ~[hibernate-core-6.5.3.Final.jar:6.5.3.Final]
	at org.hibernate.sql.exec.spi.JdbcSelectExecutor.list(JdbcSelectExecutor.java:65) ~[hibernate-core-6.5.3.Final.jar:6.5.3.Final]
	at org.hibernate.query.sqm.internal.ConcreteSqmSelectQueryPlan.lambda$new$2(ConcreteSqmSelectQueryPlan.java:139) ~[hibernate-core-6.5.3.Final.jar:6.5.3.Final]
	at org.hibernate.query.sqm.internal.ConcreteSqmSelectQueryPlan.withCacheableSqmInterpretation(ConcreteSqmSelectQueryPlan.java:382) ~[hibernate-core-6.5.3.Final.jar:6.5.3.Final]
	at org.hibernate.query.sqm.internal.ConcreteSqmSelectQueryPlan.performList(ConcreteSqmSelectQueryPlan.java:302) ~[hibernate-core-6.5.3.Final.jar:6.5.3.Final]
	at org.hibernate.query.sqm.internal.QuerySqmImpl.doList(QuerySqmImpl.java:526) ~[hibernate-core-6.5.3.Final.jar:6.5.3.Final]
	at org.hibernate.query.spi.AbstractSelectionQuery.list(AbstractSelectionQuery.java:423) ~[hibernate-core-6.5.3.Final.jar:6.5.3.Final]
	at org.hibernate.query.Query.getResultList(Query.java:120) ~[hibernate-core-6.5.3.Final.jar:6.5.3.Final]
	at org.springframework.data.jpa.repository.support.SimpleJpaRepository.findAll(SimpleJpaRepository.java:387) ~[spring-data-jpa-3.3.4.jar:3.3.4]
	at java.base/jdk.internal.reflect.NativeMethodAccessorImpl.invoke0(Native Method) ~[na:na]
	at java.base/jdk.internal.reflect.NativeMethodAccessorImpl.invoke(NativeMethodAccessorImpl.java:77) ~[na:na]
	at java.base/jdk.internal.reflect.DelegatingMethodAccessorImpl.invoke(DelegatingMethodAccessorImpl.java:43) ~[na:na]
	at java.base/java.lang.reflect.Method.invoke(Method.java:569) ~[na:na]
	at org.springframework.aop.support.AopUtils.invokeJoinpointUsingReflection(AopUtils.java:355) ~[spring-aop-6.1.13.jar:6.1.13]
	at org.springframework.data.repository.core.support.RepositoryMethodInvoker$RepositoryFragmentMethodInvoker.lambda$new$0(RepositoryMethodInvoker.java:277) ~[spring-data-commons-3.3.4.jar:3.3.4]
	at org.springframework.data.repository.core.support.RepositoryMethodInvoker.doInvoke(RepositoryMethodInvoker.java:170) ~[spring-data-commons-3.3.4.jar:3.3.4]
	at org.springframework.data.repository.core.support.RepositoryMethodInvoker.invoke(RepositoryMethodInvoker.java:158) ~[spring-data-commons-3.3.4.jar:3.3.4]
	at org.springframework.data.repository.core.support.RepositoryComposition$RepositoryFragments.invoke(RepositoryComposition.java:516) ~[spring-data-commons-3.3.4.jar:3.3.4]
	at org.springframework.data.repository.core.support.RepositoryComposition.invoke(RepositoryComposition.java:285) ~[spring-data-commons-3.3.4.jar:3.3.4]
	at org.springframework.data.repository.core.support.RepositoryFactorySupport$ImplementationMethodExecutionInterceptor.invoke(RepositoryFactorySupport.java:628) ~[spring-data-commons-3.3.4.jar:3.3.4]
	at org.springframework.aop.framework.ReflectiveMethodInvocation.proceed(ReflectiveMethodInvocation.java:184) ~[spring-aop-6.1.13.jar:6.1.13]
	at org.springframework.data.repository.core.support.QueryExecutorMethodInterceptor.doInvoke(QueryExecutorMethodInterceptor.java:173) ~[spring-data-commons-3.3.4.jar:3.3.4]
	at org.springframework.data.repository.core.support.QueryExecutorMethodInterceptor.invoke(QueryExecutorMethodInterceptor.java:148) ~[spring-data-commons-3.3.4.jar:3.3.4]
	at org.springframework.aop.framework.ReflectiveMethodInvocation.proceed(ReflectiveMethodInvocation.java:184) ~[spring-aop-6.1.13.jar:6.1.13]
	at org.springframework.data.projection.DefaultMethodInvokingMethodInterceptor.invoke(DefaultMethodInvokingMethodInterceptor.java:70) ~[spring-data-commons-3.3.4.jar:3.3.4]
	at org.springframework.aop.framework.ReflectiveMethodInvocation.proceed(ReflectiveMethodInvocation.java:184) ~[spring-aop-6.1.13.jar:6.1.13]
	at org.springframework.transaction.interceptor.TransactionAspectSupport.invokeWithinTransaction(TransactionAspectSupport.java:379) ~[spring-tx-6.1.13.jar:6.1.13]
	at org.springframework.transaction.interceptor.TransactionInterceptor.invoke(TransactionInterceptor.java:119) ~[spring-tx-6.1.13.jar:6.1.13]
	at org.springframework.aop.framework.ReflectiveMethodInvocation.proceed(ReflectiveMethodInvocation.java:184) ~[spring-aop-6.1.13.jar:6.1.13]
	at org.springframework.dao.support.PersistenceExceptionTranslationInterceptor.invoke(PersistenceExceptionTranslationInterceptor.java:138) ~[spring-tx-6.1.13.jar:6.1.13]
	... 66 common frames omitted

2024-11-15T08:15:22.760-05:00  INFO 18856 --- [SysAlmacenFX] [JavaFX Application Thread] j.LocalContainerEntityManagerFactoryBean : Closing JPA EntityManagerFactory for persistence unit 'default'
2024-11-15T08:15:22.767-05:00  INFO 18856 --- [SysAlmacenFX] [JavaFX Application Thread] com.zaxxer.hikari.HikariDataSource       : HikariPool-1 - Shutdown initiated...
2024-11-15T08:15:22.774-05:00  INFO 18856 --- [SysAlmacenFX] [JavaFX Application Thread] com.zaxxer.hikari.HikariDataSource       : HikariPool-1 - Shutdown completed.
2024-11-15T08:31:42.490-05:00  INFO 23252 --- [SysAlmacenFX] [JavaFX-Launcher] o.s.boot.SpringApplication               : Starting application using Java 17.0.13 with PID 23252 (started by User in D:\erick avances\MijaelAvancesPOO\SysAlmacenFX)
2024-11-15T08:31:42.497-05:00  INFO 23252 --- [SysAlmacenFX] [JavaFX-Launcher] o.s.boot.SpringApplication               : No active profile set, falling back to 1 default profile: "default"
2024-11-15T08:31:43.451-05:00  INFO 23252 --- [SysAlmacenFX] [JavaFX-Launcher] .s.d.r.c.RepositoryConfigurationDelegate : Bootstrapping Spring Data JPA repositories in DEFAULT mode.
2024-11-15T08:31:43.589-05:00  INFO 23252 --- [SysAlmacenFX] [JavaFX-Launcher] .s.d.r.c.RepositoryConfigurationDelegate : Finished Spring Data repository scanning in 127 ms. Found 15 JPA repository interfaces.
2024-11-15T08:31:44.193-05:00  INFO 23252 --- [SysAlmacenFX] [JavaFX-Launcher] o.hibernate.jpa.internal.util.LogHelper  : HHH000204: Processing PersistenceUnitInfo [name: default]
2024-11-15T08:31:44.270-05:00  INFO 23252 --- [SysAlmacenFX] [JavaFX-Launcher] org.hibernate.Version                    : HHH000412: Hibernate ORM core version 6.5.3.Final
2024-11-15T08:31:44.313-05:00  INFO 23252 --- [SysAlmacenFX] [JavaFX-Launcher] o.h.c.internal.RegionFactoryInitiator    : HHH000026: Second-level cache disabled
2024-11-15T08:31:44.759-05:00  INFO 23252 --- [SysAlmacenFX] [JavaFX-Launcher] o.s.o.j.p.SpringPersistenceUnitInfo      : No LoadTimeWeaver setup: ignoring JPA class transformer
2024-11-15T08:31:44.803-05:00  INFO 23252 --- [SysAlmacenFX] [JavaFX-Launcher] com.zaxxer.hikari.HikariDataSource       : HikariPool-1 - Starting...
2024-11-15T08:31:44.988-05:00  INFO 23252 --- [SysAlmacenFX] [JavaFX-Launcher] com.zaxxer.hikari.pool.HikariPool        : HikariPool-1 - Added connection org.sqlite.jdbc4.JDBC4Connection@12cd4448
2024-11-15T08:31:44.990-05:00  INFO 23252 --- [SysAlmacenFX] [JavaFX-Launcher] com.zaxxer.hikari.HikariDataSource       : HikariPool-1 - Start completed.
2024-11-15T08:31:46.794-05:00  INFO 23252 --- [SysAlmacenFX] [JavaFX-Launcher] o.h.e.t.j.p.i.JtaPlatformInitiator       : HHH000489: No JTA platform available (set 'hibernate.transaction.jta.platform' to enable JTA platform integration)
2024-11-15T08:31:46.833-05:00  INFO 23252 --- [SysAlmacenFX] [JavaFX-Launcher] j.LocalContainerEntityManagerFactoryBean : Initialized JPA EntityManagerFactory for persistence unit 'default'
2024-11-15T08:31:47.147-05:00  INFO 23252 --- [SysAlmacenFX] [JavaFX-Launcher] o.s.d.j.r.query.QueryEnhancerFactory     : Hibernate is in classpath; If applicable, HQL parser will be used.
2024-11-15T08:31:47.770-05:00  INFO 23252 --- [SysAlmacenFX] [JavaFX-Launcher] o.s.boot.SpringApplication               : Started application in 6.1 seconds (process running for 7.163)
2024-11-15T08:31:47.855-05:00  WARN 23252 --- [SysAlmacenFX] [JavaFX-Launcher] javafx                                   : Loading FXML document with JavaFX API of version 22 by JavaFX runtime of version 16
2024-11-15T08:31:56.364-05:00  WARN 23252 --- [SysAlmacenFX] [JavaFX Application Thread] javafx                                   : Loading FXML document with JavaFX API of version 22 by JavaFX runtime of version 16
2024-11-15T08:32:00.086-05:00 ERROR 23252 --- [SysAlmacenFX] [JavaFX Application Thread] p.e.u.s.servicio.ProductoService         : Error al realizar la busqueda

org.springframework.orm.jpa.JpaObjectRetrievalFailureException: Unable to find pe.edu.upeu.sysalmacenfx.modelo.Categoria with id 2
	at org.springframework.orm.jpa.EntityManagerFactoryUtils.convertJpaAccessExceptionIfPossible(EntityManagerFactoryUtils.java:376) ~[spring-orm-6.1.13.jar:6.1.13]
	at org.springframework.orm.jpa.vendor.HibernateJpaDialect.translateExceptionIfPossible(HibernateJpaDialect.java:246) ~[spring-orm-6.1.13.jar:6.1.13]
	at org.springframework.orm.jpa.AbstractEntityManagerFactoryBean.translateExceptionIfPossible(AbstractEntityManagerFactoryBean.java:550) ~[spring-orm-6.1.13.jar:6.1.13]
	at org.springframework.dao.support.ChainedPersistenceExceptionTranslator.translateExceptionIfPossible(ChainedPersistenceExceptionTranslator.java:61) ~[spring-tx-6.1.13.jar:6.1.13]
	at org.springframework.dao.support.DataAccessUtils.translateIfNecessary(DataAccessUtils.java:335) ~[spring-tx-6.1.13.jar:6.1.13]
	at org.springframework.dao.support.PersistenceExceptionTranslationInterceptor.invoke(PersistenceExceptionTranslationInterceptor.java:160) ~[spring-tx-6.1.13.jar:6.1.13]
	at org.springframework.aop.framework.ReflectiveMethodInvocation.proceed(ReflectiveMethodInvocation.java:184) ~[spring-aop-6.1.13.jar:6.1.13]
	at org.springframework.data.jpa.repository.support.CrudMethodMetadataPostProcessor$CrudMethodMetadataPopulatingMethodInterceptor.invoke(CrudMethodMetadataPostProcessor.java:165) ~[spring-data-jpa-3.3.4.jar:3.3.4]
	at org.springframework.aop.framework.ReflectiveMethodInvocation.proceed(ReflectiveMethodInvocation.java:184) ~[spring-aop-6.1.13.jar:6.1.13]
	at org.springframework.aop.interceptor.ExposeInvocationInterceptor.invoke(ExposeInvocationInterceptor.java:97) ~[spring-aop-6.1.13.jar:6.1.13]
	at org.springframework.aop.framework.ReflectiveMethodInvocation.proceed(ReflectiveMethodInvocation.java:184) ~[spring-aop-6.1.13.jar:6.1.13]
	at org.springframework.aop.framework.JdkDynamicAopProxy.invoke(JdkDynamicAopProxy.java:223) ~[spring-aop-6.1.13.jar:6.1.13]
	at jdk.proxy2/jdk.proxy2.$Proxy123.findAll(Unknown Source) ~[na:na]
	at pe.edu.upeu.sysalmacenfx.servicio.ProductoService.listAutoCompletProducto(ProductoService.java:56) ~[classes/:na]
	at pe.edu.upeu.sysalmacenfx.control.Venta_Controller.listarProducto(Venta_Controller.java:105) ~[classes/:na]
	at pe.edu.upeu.sysalmacenfx.control.Venta_Controller.initialize(Venta_Controller.java:86) ~[classes/:na]
	at java.base/jdk.internal.reflect.NativeMethodAccessorImpl.invoke0(Native Method) ~[na:na]
	at java.base/jdk.internal.reflect.NativeMethodAccessorImpl.invoke(NativeMethodAccessorImpl.java:77) ~[na:na]
	at java.base/jdk.internal.reflect.DelegatingMethodAccessorImpl.invoke(DelegatingMethodAccessorImpl.java:43) ~[na:na]
	at java.base/java.lang.reflect.Method.invoke(Method.java:569) ~[na:na]
	at com.sun.javafx.reflect.Trampoline.invoke(MethodUtil.java:76) ~[javafx-base-16-win.jar:na]
	at java.base/jdk.internal.reflect.NativeMethodAccessorImpl.invoke0(Native Method) ~[na:na]
	at java.base/jdk.internal.reflect.NativeMethodAccessorImpl.invoke(NativeMethodAccessorImpl.java:77) ~[na:na]
	at java.base/jdk.internal.reflect.DelegatingMethodAccessorImpl.invoke(DelegatingMethodAccessorImpl.java:43) ~[na:na]
	at java.base/java.lang.reflect.Method.invoke(Method.java:569) ~[na:na]
	at com.sun.javafx.reflect.MethodUtil.invoke(MethodUtil.java:273) ~[javafx-base-16-win.jar:na]
	at com.sun.javafx.fxml.MethodHelper.invoke(MethodHelper.java:83) ~[javafx-fxml-16-win.jar:na]
	at javafx.fxml.FXMLLoader.loadImpl(FXMLLoader.java:2673) ~[javafx-fxml-16-win.jar:na]
	at javafx.fxml.FXMLLoader.loadImpl(FXMLLoader.java:2548) ~[javafx-fxml-16-win.jar:na]
	at javafx.fxml.FXMLLoader.load(FXMLLoader.java:2517) ~[javafx-fxml-16-win.jar:na]
	at pe.edu.upeu.sysalmacenfx.control.GUIMainFX$MenuItemListener.handle(GUIMainFX.java:156) ~[classes/:na]
	at com.sun.javafx.event.CompositeEventHandler.dispatchBubblingEvent(CompositeEventHandler.java:86) ~[javafx-base-16-win.jar:na]
	at com.sun.javafx.event.EventHandlerManager.dispatchBubblingEvent(EventHandlerManager.java:234) ~[javafx-base-16-win.jar:na]
	at com.sun.javafx.event.EventHandlerManager.dispatchBubblingEvent(EventHandlerManager.java:191) ~[javafx-base-16-win.jar:na]
	at com.sun.javafx.event.BasicEventDispatcher.dispatchEvent(BasicEventDispatcher.java:58) ~[javafx-base-16-win.jar:na]
	at com.sun.javafx.event.EventDispatchChainImpl.dispatchEvent(EventDispatchChainImpl.java:114) ~[javafx-base-16-win.jar:na]
	at com.sun.javafx.event.EventUtil.fireEventImpl(EventUtil.java:74) ~[javafx-base-16-win.jar:na]
	at com.sun.javafx.event.EventUtil.fireEvent(EventUtil.java:49) ~[javafx-base-16-win.jar:na]
	at javafx.event.Event.fireEvent(Event.java:198) ~[javafx-base-16-win.jar:na]
	at javafx.scene.control.MenuItem.fire(MenuItem.java:459) ~[javafx-controls-16-win.jar:na]
	at com.sun.javafx.scene.control.ContextMenuContent$MenuItemContainer.doSelect(ContextMenuContent.java:1385) ~[javafx-controls-16-win.jar:na]
	at com.sun.javafx.scene.control.ContextMenuContent$MenuItemContainer.lambda$createChildren$12(ContextMenuContent.java:1338) ~[javafx-controls-16-win.jar:na]
	at com.sun.javafx.event.CompositeEventHandler$NormalEventHandlerRecord.handleBubblingEvent(CompositeEventHandler.java:247) ~[javafx-base-16-win.jar:na]
	at com.sun.javafx.event.CompositeEventHandler.dispatchBubblingEvent(CompositeEventHandler.java:80) ~[javafx-base-16-win.jar:na]
	at com.sun.javafx.event.EventHandlerManager.dispatchBubblingEvent(EventHandlerManager.java:234) ~[javafx-base-16-win.jar:na]
	at com.sun.javafx.event.EventHandlerManager.dispatchBubblingEvent(EventHandlerManager.java:191) ~[javafx-base-16-win.jar:na]
	at com.sun.javafx.event.CompositeEventDispatcher.dispatchBubblingEvent(CompositeEventDispatcher.java:59) ~[javafx-base-16-win.jar:na]
	at com.sun.javafx.event.BasicEventDispatcher.dispatchEvent(BasicEventDispatcher.java:58) ~[javafx-base-16-win.jar:na]
	at com.sun.javafx.event.EventDispatchChainImpl.dispatchEvent(EventDispatchChainImpl.java:114) ~[javafx-base-16-win.jar:na]
	at com.sun.javafx.event.BasicEventDispatcher.dispatchEvent(BasicEventDispatcher.java:56) ~[javafx-base-16-win.jar:na]
	at com.sun.javafx.event.EventDispatchChainImpl.dispatchEvent(EventDispatchChainImpl.java:114) ~[javafx-base-16-win.jar:na]
	at com.sun.javafx.event.BasicEventDispatcher.dispatchEvent(BasicEventDispatcher.java:56) ~[javafx-base-16-win.jar:na]
	at com.sun.javafx.event.EventDispatchChainImpl.dispatchEvent(EventDispatchChainImpl.java:114) ~[javafx-base-16-win.jar:na]
	at com.sun.javafx.event.BasicEventDispatcher.dispatchEvent(BasicEventDispatcher.java:56) ~[javafx-base-16-win.jar:na]
	at com.sun.javafx.event.EventDispatchChainImpl.dispatchEvent(EventDispatchChainImpl.java:114) ~[javafx-base-16-win.jar:na]
	at com.sun.javafx.event.EventUtil.fireEventImpl(EventUtil.java:74) ~[javafx-base-16-win.jar:na]
	at com.sun.javafx.event.EventUtil.fireEvent(EventUtil.java:54) ~[javafx-base-16-win.jar:na]
	at javafx.event.Event.fireEvent(Event.java:198) ~[javafx-base-16-win.jar:na]
	at javafx.scene.Scene$MouseHandler.process(Scene.java:3856) ~[javafx-graphics-16-win.jar:na]
	at javafx.scene.Scene.processMouseEvent(Scene.java:1851) ~[javafx-graphics-16-win.jar:na]
	at javafx.scene.Scene$ScenePeerListener.mouseEvent(Scene.java:2584) ~[javafx-graphics-16-win.jar:na]
	at com.sun.javafx.tk.quantum.GlassViewEventHandler$MouseEventNotification.run(GlassViewEventHandler.java:409) ~[javafx-graphics-16-win.jar:na]
	at com.sun.javafx.tk.quantum.GlassViewEventHandler$MouseEventNotification.run(GlassViewEventHandler.java:299) ~[javafx-graphics-16-win.jar:na]
	at java.base/java.security.AccessController.doPrivileged(AccessController.java:399) ~[na:na]
	at com.sun.javafx.tk.quantum.GlassViewEventHandler.lambda$handleMouseEvent$2(GlassViewEventHandler.java:447) ~[javafx-graphics-16-win.jar:na]
	at com.sun.javafx.tk.quantum.QuantumToolkit.runWithoutRenderLock(QuantumToolkit.java:412) ~[javafx-graphics-16-win.jar:na]
	at com.sun.javafx.tk.quantum.GlassViewEventHandler.handleMouseEvent(GlassViewEventHandler.java:446) ~[javafx-graphics-16-win.jar:na]
	at com.sun.glass.ui.View.handleMouseEvent(View.java:556) ~[javafx-graphics-16-win.jar:na]
	at com.sun.glass.ui.View.notifyMouse(View.java:942) ~[javafx-graphics-16-win.jar:na]
	at com.sun.glass.ui.win.WinApplication._runLoop(Native Method) ~[javafx-graphics-16-win.jar:na]
	at com.sun.glass.ui.win.WinApplication.lambda$runLoop$3(WinApplication.java:174) ~[javafx-graphics-16-win.jar:na]
	at java.base/java.lang.Thread.run(Thread.java:840) ~[na:na]
Caused by: jakarta.persistence.EntityNotFoundException: Unable to find pe.edu.upeu.sysalmacenfx.modelo.Categoria with id 2
	at org.hibernate.jpa.boot.internal.EntityManagerFactoryBuilderImpl$JpaEntityNotFoundDelegate.handleEntityNotFound(EntityManagerFactoryBuilderImpl.java:190) ~[hibernate-core-6.5.3.Final.jar:6.5.3.Final]
	at org.hibernate.event.internal.DefaultLoadEventListener.load(DefaultLoadEventListener.java:212) ~[hibernate-core-6.5.3.Final.jar:6.5.3.Final]
	at org.hibernate.event.internal.DefaultLoadEventListener.loadWithRegularProxy(DefaultLoadEventListener.java:290) ~[hibernate-core-6.5.3.Final.jar:6.5.3.Final]
	at org.hibernate.event.internal.DefaultLoadEventListener.proxyOrLoad(DefaultLoadEventListener.java:242) ~[hibernate-core-6.5.3.Final.jar:6.5.3.Final]
	at org.hibernate.event.internal.DefaultLoadEventListener.doOnLoad(DefaultLoadEventListener.java:111) ~[hibernate-core-6.5.3.Final.jar:6.5.3.Final]
	at org.hibernate.event.internal.DefaultLoadEventListener.onLoad(DefaultLoadEventListener.java:68) ~[hibernate-core-6.5.3.Final.jar:6.5.3.Final]
	at org.hibernate.event.service.internal.EventListenerGroupImpl.fireEventOnEachListener(EventListenerGroupImpl.java:138) ~[hibernate-core-6.5.3.Final.jar:6.5.3.Final]
	at org.hibernate.internal.SessionImpl.fireLoadNoChecks(SessionImpl.java:1225) ~[hibernate-core-6.5.3.Final.jar:6.5.3.Final]
	at org.hibernate.internal.SessionImpl.internalLoad(SessionImpl.java:1071) ~[hibernate-core-6.5.3.Final.jar:6.5.3.Final]
	at org.hibernate.sql.results.graph.entity.internal.EntitySelectFetchInitializer.initializeInstance(EntitySelectFetchInitializer.java:215) ~[hibernate-core-6.5.3.Final.jar:6.5.3.Final]
	at org.hibernate.sql.results.internal.InitializersList.initializeInstance(InitializersList.java:73) ~[hibernate-core-6.5.3.Final.jar:6.5.3.Final]
	at org.hibernate.sql.results.internal.StandardRowReader.coordinateInitializers(StandardRowReader.java:113) ~[hibernate-core-6.5.3.Final.jar:6.5.3.Final]
	at org.hibernate.sql.results.internal.StandardRowReader.readRow(StandardRowReader.java:87) ~[hibernate-core-6.5.3.Final.jar:6.5.3.Final]
	at org.hibernate.sql.results.spi.ListResultsConsumer.consume(ListResultsConsumer.java:205) ~[hibernate-core-6.5.3.Final.jar:6.5.3.Final]
	at org.hibernate.sql.results.spi.ListResultsConsumer.consume(ListResultsConsumer.java:33) ~[hibernate-core-6.5.3.Final.jar:6.5.3.Final]
	at org.hibernate.sql.exec.internal.JdbcSelectExecutorStandardImpl.doExecuteQuery(JdbcSelectExecutorStandardImpl.java:211) ~[hibernate-core-6.5.3.Final.jar:6.5.3.Final]
	at org.hibernate.sql.exec.internal.JdbcSelectExecutorStandardImpl.executeQuery(JdbcSelectExecutorStandardImpl.java:83) ~[hibernate-core-6.5.3.Final.jar:6.5.3.Final]
	at org.hibernate.sql.exec.spi.JdbcSelectExecutor.list(JdbcSelectExecutor.java:76) ~[hibernate-core-6.5.3.Final.jar:6.5.3.Final]
	at org.hibernate.sql.exec.spi.JdbcSelectExecutor.list(JdbcSelectExecutor.java:65) ~[hibernate-core-6.5.3.Final.jar:6.5.3.Final]
	at org.hibernate.query.sqm.internal.ConcreteSqmSelectQueryPlan.lambda$new$2(ConcreteSqmSelectQueryPlan.java:139) ~[hibernate-core-6.5.3.Final.jar:6.5.3.Final]
	at org.hibernate.query.sqm.internal.ConcreteSqmSelectQueryPlan.withCacheableSqmInterpretation(ConcreteSqmSelectQueryPlan.java:382) ~[hibernate-core-6.5.3.Final.jar:6.5.3.Final]
	at org.hibernate.query.sqm.internal.ConcreteSqmSelectQueryPlan.performList(ConcreteSqmSelectQueryPlan.java:302) ~[hibernate-core-6.5.3.Final.jar:6.5.3.Final]
	at org.hibernate.query.sqm.internal.QuerySqmImpl.doList(QuerySqmImpl.java:526) ~[hibernate-core-6.5.3.Final.jar:6.5.3.Final]
	at org.hibernate.query.spi.AbstractSelectionQuery.list(AbstractSelectionQuery.java:423) ~[hibernate-core-6.5.3.Final.jar:6.5.3.Final]
	at org.hibernate.query.Query.getResultList(Query.java:120) ~[hibernate-core-6.5.3.Final.jar:6.5.3.Final]
	at org.springframework.data.jpa.repository.support.SimpleJpaRepository.findAll(SimpleJpaRepository.java:387) ~[spring-data-jpa-3.3.4.jar:3.3.4]
	at java.base/jdk.internal.reflect.NativeMethodAccessorImpl.invoke0(Native Method) ~[na:na]
	at java.base/jdk.internal.reflect.NativeMethodAccessorImpl.invoke(NativeMethodAccessorImpl.java:77) ~[na:na]
	at java.base/jdk.internal.reflect.DelegatingMethodAccessorImpl.invoke(DelegatingMethodAccessorImpl.java:43) ~[na:na]
	at java.base/java.lang.reflect.Method.invoke(Method.java:569) ~[na:na]
	at org.springframework.aop.support.AopUtils.invokeJoinpointUsingReflection(AopUtils.java:355) ~[spring-aop-6.1.13.jar:6.1.13]
	at org.springframework.data.repository.core.support.RepositoryMethodInvoker$RepositoryFragmentMethodInvoker.lambda$new$0(RepositoryMethodInvoker.java:277) ~[spring-data-commons-3.3.4.jar:3.3.4]
	at org.springframework.data.repository.core.support.RepositoryMethodInvoker.doInvoke(RepositoryMethodInvoker.java:170) ~[spring-data-commons-3.3.4.jar:3.3.4]
	at org.springframework.data.repository.core.support.RepositoryMethodInvoker.invoke(RepositoryMethodInvoker.java:158) ~[spring-data-commons-3.3.4.jar:3.3.4]
	at org.springframework.data.repository.core.support.RepositoryComposition$RepositoryFragments.invoke(RepositoryComposition.java:516) ~[spring-data-commons-3.3.4.jar:3.3.4]
	at org.springframework.data.repository.core.support.RepositoryComposition.invoke(RepositoryComposition.java:285) ~[spring-data-commons-3.3.4.jar:3.3.4]
	at org.springframework.data.repository.core.support.RepositoryFactorySupport$ImplementationMethodExecutionInterceptor.invoke(RepositoryFactorySupport.java:628) ~[spring-data-commons-3.3.4.jar:3.3.4]
	at org.springframework.aop.framework.ReflectiveMethodInvocation.proceed(ReflectiveMethodInvocation.java:184) ~[spring-aop-6.1.13.jar:6.1.13]
	at org.springframework.data.repository.core.support.QueryExecutorMethodInterceptor.doInvoke(QueryExecutorMethodInterceptor.java:173) ~[spring-data-commons-3.3.4.jar:3.3.4]
	at org.springframework.data.repository.core.support.QueryExecutorMethodInterceptor.invoke(QueryExecutorMethodInterceptor.java:148) ~[spring-data-commons-3.3.4.jar:3.3.4]
	at org.springframework.aop.framework.ReflectiveMethodInvocation.proceed(ReflectiveMethodInvocation.java:184) ~[spring-aop-6.1.13.jar:6.1.13]
	at org.springframework.data.projection.DefaultMethodInvokingMethodInterceptor.invoke(DefaultMethodInvokingMethodInterceptor.java:70) ~[spring-data-commons-3.3.4.jar:3.3.4]
	at org.springframework.aop.framework.ReflectiveMethodInvocation.proceed(ReflectiveMethodInvocation.java:184) ~[spring-aop-6.1.13.jar:6.1.13]
	at org.springframework.transaction.interceptor.TransactionAspectSupport.invokeWithinTransaction(TransactionAspectSupport.java:379) ~[spring-tx-6.1.13.jar:6.1.13]
	at org.springframework.transaction.interceptor.TransactionInterceptor.invoke(TransactionInterceptor.java:119) ~[spring-tx-6.1.13.jar:6.1.13]
	at org.springframework.aop.framework.ReflectiveMethodInvocation.proceed(ReflectiveMethodInvocation.java:184) ~[spring-aop-6.1.13.jar:6.1.13]
	at org.springframework.dao.support.PersistenceExceptionTranslationInterceptor.invoke(PersistenceExceptionTranslationInterceptor.java:138) ~[spring-tx-6.1.13.jar:6.1.13]
	... 66 common frames omitted

2024-11-15T08:34:55.328-05:00  INFO 23252 --- [SysAlmacenFX] [JavaFX Application Thread] j.LocalContainerEntityManagerFactoryBean : Closing JPA EntityManagerFactory for persistence unit 'default'
2024-11-15T08:34:55.334-05:00  INFO 23252 --- [SysAlmacenFX] [JavaFX Application Thread] com.zaxxer.hikari.HikariDataSource       : HikariPool-1 - Shutdown initiated...
2024-11-15T08:34:55.340-05:00  INFO 23252 --- [SysAlmacenFX] [JavaFX Application Thread] com.zaxxer.hikari.HikariDataSource       : HikariPool-1 - Shutdown completed.
2024-11-15T08:35:23.536-05:00  INFO 8776 --- [SysAlmacenFX] [JavaFX-Launcher] o.s.boot.SpringApplication               : Starting application using Java 17.0.13 with PID 8776 (started by User in D:\erick avances\MijaelAvancesPOO\SysAlmacenFX)
2024-11-15T08:35:23.541-05:00  INFO 8776 --- [SysAlmacenFX] [JavaFX-Launcher] o.s.boot.SpringApplication               : No active profile set, falling back to 1 default profile: "default"
2024-11-15T08:35:24.536-05:00  INFO 8776 --- [SysAlmacenFX] [JavaFX-Launcher] .s.d.r.c.RepositoryConfigurationDelegate : Bootstrapping Spring Data JPA repositories in DEFAULT mode.
2024-11-15T08:35:24.679-05:00  INFO 8776 --- [SysAlmacenFX] [JavaFX-Launcher] .s.d.r.c.RepositoryConfigurationDelegate : Finished Spring Data repository scanning in 130 ms. Found 15 JPA repository interfaces.
2024-11-15T08:35:25.282-05:00  INFO 8776 --- [SysAlmacenFX] [JavaFX-Launcher] o.hibernate.jpa.internal.util.LogHelper  : HHH000204: Processing PersistenceUnitInfo [name: default]
2024-11-15T08:35:25.448-05:00  INFO 8776 --- [SysAlmacenFX] [JavaFX-Launcher] org.hibernate.Version                    : HHH000412: Hibernate ORM core version 6.5.3.Final
2024-11-15T08:35:25.542-05:00  INFO 8776 --- [SysAlmacenFX] [JavaFX-Launcher] o.h.c.internal.RegionFactoryInitiator    : HHH000026: Second-level cache disabled
2024-11-15T08:35:26.084-05:00  INFO 8776 --- [SysAlmacenFX] [JavaFX-Launcher] o.s.o.j.p.SpringPersistenceUnitInfo      : No LoadTimeWeaver setup: ignoring JPA class transformer
2024-11-15T08:35:26.143-05:00  INFO 8776 --- [SysAlmacenFX] [JavaFX-Launcher] com.zaxxer.hikari.HikariDataSource       : HikariPool-1 - Starting...
2024-11-15T08:35:26.324-05:00  INFO 8776 --- [SysAlmacenFX] [JavaFX-Launcher] com.zaxxer.hikari.pool.HikariPool        : HikariPool-1 - Added connection org.sqlite.jdbc4.JDBC4Connection@6c664f31
2024-11-15T08:35:26.327-05:00  INFO 8776 --- [SysAlmacenFX] [JavaFX-Launcher] com.zaxxer.hikari.HikariDataSource       : HikariPool-1 - Start completed.
2024-11-15T08:35:28.258-05:00  INFO 8776 --- [SysAlmacenFX] [JavaFX-Launcher] o.h.e.t.j.p.i.JtaPlatformInitiator       : HHH000489: No JTA platform available (set 'hibernate.transaction.jta.platform' to enable JTA platform integration)
2024-11-15T08:35:28.314-05:00  INFO 8776 --- [SysAlmacenFX] [JavaFX-Launcher] j.LocalContainerEntityManagerFactoryBean : Initialized JPA EntityManagerFactory for persistence unit 'default'
2024-11-15T08:35:28.750-05:00  INFO 8776 --- [SysAlmacenFX] [JavaFX-Launcher] o.s.d.j.r.query.QueryEnhancerFactory     : Hibernate is in classpath; If applicable, HQL parser will be used.
2024-11-15T08:35:29.370-05:00  INFO 8776 --- [SysAlmacenFX] [JavaFX-Launcher] o.s.boot.SpringApplication               : Started application in 6.732 seconds (process running for 7.894)
2024-11-15T08:35:29.492-05:00  WARN 8776 --- [SysAlmacenFX] [JavaFX-Launcher] javafx                                   : Loading FXML document with JavaFX API of version 22 by JavaFX runtime of version 16
2024-11-15T08:35:36.908-05:00  WARN 8776 --- [SysAlmacenFX] [JavaFX Application Thread] javafx                                   : Loading FXML document with JavaFX API of version 22 by JavaFX runtime of version 16
2024-11-15T08:35:39.608-05:00 ERROR 8776 --- [SysAlmacenFX] [JavaFX Application Thread] p.e.u.s.servicio.ProductoService         : Error al realizar la busqueda

org.springframework.orm.jpa.JpaObjectRetrievalFailureException: Unable to find pe.edu.upeu.sysalmacenfx.modelo.Categoria with id 2
	at org.springframework.orm.jpa.EntityManagerFactoryUtils.convertJpaAccessExceptionIfPossible(EntityManagerFactoryUtils.java:376) ~[spring-orm-6.1.13.jar:6.1.13]
	at org.springframework.orm.jpa.vendor.HibernateJpaDialect.translateExceptionIfPossible(HibernateJpaDialect.java:246) ~[spring-orm-6.1.13.jar:6.1.13]
	at org.springframework.orm.jpa.AbstractEntityManagerFactoryBean.translateExceptionIfPossible(AbstractEntityManagerFactoryBean.java:550) ~[spring-orm-6.1.13.jar:6.1.13]
	at org.springframework.dao.support.ChainedPersistenceExceptionTranslator.translateExceptionIfPossible(ChainedPersistenceExceptionTranslator.java:61) ~[spring-tx-6.1.13.jar:6.1.13]
	at org.springframework.dao.support.DataAccessUtils.translateIfNecessary(DataAccessUtils.java:335) ~[spring-tx-6.1.13.jar:6.1.13]
	at org.springframework.dao.support.PersistenceExceptionTranslationInterceptor.invoke(PersistenceExceptionTranslationInterceptor.java:160) ~[spring-tx-6.1.13.jar:6.1.13]
	at org.springframework.aop.framework.ReflectiveMethodInvocation.proceed(ReflectiveMethodInvocation.java:184) ~[spring-aop-6.1.13.jar:6.1.13]
	at org.springframework.data.jpa.repository.support.CrudMethodMetadataPostProcessor$CrudMethodMetadataPopulatingMethodInterceptor.invoke(CrudMethodMetadataPostProcessor.java:165) ~[spring-data-jpa-3.3.4.jar:3.3.4]
	at org.springframework.aop.framework.ReflectiveMethodInvocation.proceed(ReflectiveMethodInvocation.java:184) ~[spring-aop-6.1.13.jar:6.1.13]
	at org.springframework.aop.interceptor.ExposeInvocationInterceptor.invoke(ExposeInvocationInterceptor.java:97) ~[spring-aop-6.1.13.jar:6.1.13]
	at org.springframework.aop.framework.ReflectiveMethodInvocation.proceed(ReflectiveMethodInvocation.java:184) ~[spring-aop-6.1.13.jar:6.1.13]
	at org.springframework.aop.framework.JdkDynamicAopProxy.invoke(JdkDynamicAopProxy.java:223) ~[spring-aop-6.1.13.jar:6.1.13]
	at jdk.proxy2/jdk.proxy2.$Proxy123.findAll(Unknown Source) ~[na:na]
	at pe.edu.upeu.sysalmacenfx.servicio.ProductoService.listAutoCompletProducto(ProductoService.java:56) ~[classes/:na]
	at pe.edu.upeu.sysalmacenfx.control.Venta_Controller.listarProducto(Venta_Controller.java:105) ~[classes/:na]
	at pe.edu.upeu.sysalmacenfx.control.Venta_Controller.initialize(Venta_Controller.java:86) ~[classes/:na]
	at java.base/jdk.internal.reflect.NativeMethodAccessorImpl.invoke0(Native Method) ~[na:na]
	at java.base/jdk.internal.reflect.NativeMethodAccessorImpl.invoke(NativeMethodAccessorImpl.java:77) ~[na:na]
	at java.base/jdk.internal.reflect.DelegatingMethodAccessorImpl.invoke(DelegatingMethodAccessorImpl.java:43) ~[na:na]
	at java.base/java.lang.reflect.Method.invoke(Method.java:569) ~[na:na]
	at com.sun.javafx.reflect.Trampoline.invoke(MethodUtil.java:76) ~[javafx-base-16-win.jar:na]
	at java.base/jdk.internal.reflect.NativeMethodAccessorImpl.invoke0(Native Method) ~[na:na]
	at java.base/jdk.internal.reflect.NativeMethodAccessorImpl.invoke(NativeMethodAccessorImpl.java:77) ~[na:na]
	at java.base/jdk.internal.reflect.DelegatingMethodAccessorImpl.invoke(DelegatingMethodAccessorImpl.java:43) ~[na:na]
	at java.base/java.lang.reflect.Method.invoke(Method.java:569) ~[na:na]
	at com.sun.javafx.reflect.MethodUtil.invoke(MethodUtil.java:273) ~[javafx-base-16-win.jar:na]
	at com.sun.javafx.fxml.MethodHelper.invoke(MethodHelper.java:83) ~[javafx-fxml-16-win.jar:na]
	at javafx.fxml.FXMLLoader.loadImpl(FXMLLoader.java:2673) ~[javafx-fxml-16-win.jar:na]
	at javafx.fxml.FXMLLoader.loadImpl(FXMLLoader.java:2548) ~[javafx-fxml-16-win.jar:na]
	at javafx.fxml.FXMLLoader.load(FXMLLoader.java:2517) ~[javafx-fxml-16-win.jar:na]
	at pe.edu.upeu.sysalmacenfx.control.GUIMainFX$MenuItemListener.handle(GUIMainFX.java:156) ~[classes/:na]
	at com.sun.javafx.event.CompositeEventHandler.dispatchBubblingEvent(CompositeEventHandler.java:86) ~[javafx-base-16-win.jar:na]
	at com.sun.javafx.event.EventHandlerManager.dispatchBubblingEvent(EventHandlerManager.java:234) ~[javafx-base-16-win.jar:na]
	at com.sun.javafx.event.EventHandlerManager.dispatchBubblingEvent(EventHandlerManager.java:191) ~[javafx-base-16-win.jar:na]
	at com.sun.javafx.event.BasicEventDispatcher.dispatchEvent(BasicEventDispatcher.java:58) ~[javafx-base-16-win.jar:na]
	at com.sun.javafx.event.EventDispatchChainImpl.dispatchEvent(EventDispatchChainImpl.java:114) ~[javafx-base-16-win.jar:na]
	at com.sun.javafx.event.EventUtil.fireEventImpl(EventUtil.java:74) ~[javafx-base-16-win.jar:na]
	at com.sun.javafx.event.EventUtil.fireEvent(EventUtil.java:49) ~[javafx-base-16-win.jar:na]
	at javafx.event.Event.fireEvent(Event.java:198) ~[javafx-base-16-win.jar:na]
	at javafx.scene.control.MenuItem.fire(MenuItem.java:459) ~[javafx-controls-16-win.jar:na]
	at com.sun.javafx.scene.control.ContextMenuContent$MenuItemContainer.doSelect(ContextMenuContent.java:1385) ~[javafx-controls-16-win.jar:na]
	at com.sun.javafx.scene.control.ContextMenuContent$MenuItemContainer.lambda$createChildren$12(ContextMenuContent.java:1338) ~[javafx-controls-16-win.jar:na]
	at com.sun.javafx.event.CompositeEventHandler$NormalEventHandlerRecord.handleBubblingEvent(CompositeEventHandler.java:247) ~[javafx-base-16-win.jar:na]
	at com.sun.javafx.event.CompositeEventHandler.dispatchBubblingEvent(CompositeEventHandler.java:80) ~[javafx-base-16-win.jar:na]
	at com.sun.javafx.event.EventHandlerManager.dispatchBubblingEvent(EventHandlerManager.java:234) ~[javafx-base-16-win.jar:na]
	at com.sun.javafx.event.EventHandlerManager.dispatchBubblingEvent(EventHandlerManager.java:191) ~[javafx-base-16-win.jar:na]
	at com.sun.javafx.event.CompositeEventDispatcher.dispatchBubblingEvent(CompositeEventDispatcher.java:59) ~[javafx-base-16-win.jar:na]
	at com.sun.javafx.event.BasicEventDispatcher.dispatchEvent(BasicEventDispatcher.java:58) ~[javafx-base-16-win.jar:na]
	at com.sun.javafx.event.EventDispatchChainImpl.dispatchEvent(EventDispatchChainImpl.java:114) ~[javafx-base-16-win.jar:na]
	at com.sun.javafx.event.BasicEventDispatcher.dispatchEvent(BasicEventDispatcher.java:56) ~[javafx-base-16-win.jar:na]
	at com.sun.javafx.event.EventDispatchChainImpl.dispatchEvent(EventDispatchChainImpl.java:114) ~[javafx-base-16-win.jar:na]
	at com.sun.javafx.event.BasicEventDispatcher.dispatchEvent(BasicEventDispatcher.java:56) ~[javafx-base-16-win.jar:na]
	at com.sun.javafx.event.EventDispatchChainImpl.dispatchEvent(EventDispatchChainImpl.java:114) ~[javafx-base-16-win.jar:na]
	at com.sun.javafx.event.BasicEventDispatcher.dispatchEvent(BasicEventDispatcher.java:56) ~[javafx-base-16-win.jar:na]
	at com.sun.javafx.event.EventDispatchChainImpl.dispatchEvent(EventDispatchChainImpl.java:114) ~[javafx-base-16-win.jar:na]
	at com.sun.javafx.event.EventUtil.fireEventImpl(EventUtil.java:74) ~[javafx-base-16-win.jar:na]
	at com.sun.javafx.event.EventUtil.fireEvent(EventUtil.java:54) ~[javafx-base-16-win.jar:na]
	at javafx.event.Event.fireEvent(Event.java:198) ~[javafx-base-16-win.jar:na]
	at javafx.scene.Scene$MouseHandler.process(Scene.java:3856) ~[javafx-graphics-16-win.jar:na]
	at javafx.scene.Scene.processMouseEvent(Scene.java:1851) ~[javafx-graphics-16-win.jar:na]
	at javafx.scene.Scene$ScenePeerListener.mouseEvent(Scene.java:2584) ~[javafx-graphics-16-win.jar:na]
	at com.sun.javafx.tk.quantum.GlassViewEventHandler$MouseEventNotification.run(GlassViewEventHandler.java:409) ~[javafx-graphics-16-win.jar:na]
	at com.sun.javafx.tk.quantum.GlassViewEventHandler$MouseEventNotification.run(GlassViewEventHandler.java:299) ~[javafx-graphics-16-win.jar:na]
	at java.base/java.security.AccessController.doPrivileged(AccessController.java:399) ~[na:na]
	at com.sun.javafx.tk.quantum.GlassViewEventHandler.lambda$handleMouseEvent$2(GlassViewEventHandler.java:447) ~[javafx-graphics-16-win.jar:na]
	at com.sun.javafx.tk.quantum.QuantumToolkit.runWithoutRenderLock(QuantumToolkit.java:412) ~[javafx-graphics-16-win.jar:na]
	at com.sun.javafx.tk.quantum.GlassViewEventHandler.handleMouseEvent(GlassViewEventHandler.java:446) ~[javafx-graphics-16-win.jar:na]
	at com.sun.glass.ui.View.handleMouseEvent(View.java:556) ~[javafx-graphics-16-win.jar:na]
	at com.sun.glass.ui.View.notifyMouse(View.java:942) ~[javafx-graphics-16-win.jar:na]
	at com.sun.glass.ui.win.WinApplication._runLoop(Native Method) ~[javafx-graphics-16-win.jar:na]
	at com.sun.glass.ui.win.WinApplication.lambda$runLoop$3(WinApplication.java:174) ~[javafx-graphics-16-win.jar:na]
	at java.base/java.lang.Thread.run(Thread.java:840) ~[na:na]
Caused by: jakarta.persistence.EntityNotFoundException: Unable to find pe.edu.upeu.sysalmacenfx.modelo.Categoria with id 2
	at org.hibernate.jpa.boot.internal.EntityManagerFactoryBuilderImpl$JpaEntityNotFoundDelegate.handleEntityNotFound(EntityManagerFactoryBuilderImpl.java:190) ~[hibernate-core-6.5.3.Final.jar:6.5.3.Final]
	at org.hibernate.event.internal.DefaultLoadEventListener.load(DefaultLoadEventListener.java:212) ~[hibernate-core-6.5.3.Final.jar:6.5.3.Final]
	at org.hibernate.event.internal.DefaultLoadEventListener.loadWithRegularProxy(DefaultLoadEventListener.java:290) ~[hibernate-core-6.5.3.Final.jar:6.5.3.Final]
	at org.hibernate.event.internal.DefaultLoadEventListener.proxyOrLoad(DefaultLoadEventListener.java:242) ~[hibernate-core-6.5.3.Final.jar:6.5.3.Final]
	at org.hibernate.event.internal.DefaultLoadEventListener.doOnLoad(DefaultLoadEventListener.java:111) ~[hibernate-core-6.5.3.Final.jar:6.5.3.Final]
	at org.hibernate.event.internal.DefaultLoadEventListener.onLoad(DefaultLoadEventListener.java:68) ~[hibernate-core-6.5.3.Final.jar:6.5.3.Final]
	at org.hibernate.event.service.internal.EventListenerGroupImpl.fireEventOnEachListener(EventListenerGroupImpl.java:138) ~[hibernate-core-6.5.3.Final.jar:6.5.3.Final]
	at org.hibernate.internal.SessionImpl.fireLoadNoChecks(SessionImpl.java:1225) ~[hibernate-core-6.5.3.Final.jar:6.5.3.Final]
	at org.hibernate.internal.SessionImpl.internalLoad(SessionImpl.java:1071) ~[hibernate-core-6.5.3.Final.jar:6.5.3.Final]
	at org.hibernate.sql.results.graph.entity.internal.EntitySelectFetchInitializer.initializeInstance(EntitySelectFetchInitializer.java:215) ~[hibernate-core-6.5.3.Final.jar:6.5.3.Final]
	at org.hibernate.sql.results.internal.InitializersList.initializeInstance(InitializersList.java:73) ~[hibernate-core-6.5.3.Final.jar:6.5.3.Final]
	at org.hibernate.sql.results.internal.StandardRowReader.coordinateInitializers(StandardRowReader.java:113) ~[hibernate-core-6.5.3.Final.jar:6.5.3.Final]
	at org.hibernate.sql.results.internal.StandardRowReader.readRow(StandardRowReader.java:87) ~[hibernate-core-6.5.3.Final.jar:6.5.3.Final]
	at org.hibernate.sql.results.spi.ListResultsConsumer.consume(ListResultsConsumer.java:205) ~[hibernate-core-6.5.3.Final.jar:6.5.3.Final]
	at org.hibernate.sql.results.spi.ListResultsConsumer.consume(ListResultsConsumer.java:33) ~[hibernate-core-6.5.3.Final.jar:6.5.3.Final]
	at org.hibernate.sql.exec.internal.JdbcSelectExecutorStandardImpl.doExecuteQuery(JdbcSelectExecutorStandardImpl.java:211) ~[hibernate-core-6.5.3.Final.jar:6.5.3.Final]
	at org.hibernate.sql.exec.internal.JdbcSelectExecutorStandardImpl.executeQuery(JdbcSelectExecutorStandardImpl.java:83) ~[hibernate-core-6.5.3.Final.jar:6.5.3.Final]
	at org.hibernate.sql.exec.spi.JdbcSelectExecutor.list(JdbcSelectExecutor.java:76) ~[hibernate-core-6.5.3.Final.jar:6.5.3.Final]
	at org.hibernate.sql.exec.spi.JdbcSelectExecutor.list(JdbcSelectExecutor.java:65) ~[hibernate-core-6.5.3.Final.jar:6.5.3.Final]
	at org.hibernate.query.sqm.internal.ConcreteSqmSelectQueryPlan.lambda$new$2(ConcreteSqmSelectQueryPlan.java:139) ~[hibernate-core-6.5.3.Final.jar:6.5.3.Final]
	at org.hibernate.query.sqm.internal.ConcreteSqmSelectQueryPlan.withCacheableSqmInterpretation(ConcreteSqmSelectQueryPlan.java:382) ~[hibernate-core-6.5.3.Final.jar:6.5.3.Final]
	at org.hibernate.query.sqm.internal.ConcreteSqmSelectQueryPlan.performList(ConcreteSqmSelectQueryPlan.java:302) ~[hibernate-core-6.5.3.Final.jar:6.5.3.Final]
	at org.hibernate.query.sqm.internal.QuerySqmImpl.doList(QuerySqmImpl.java:526) ~[hibernate-core-6.5.3.Final.jar:6.5.3.Final]
	at org.hibernate.query.spi.AbstractSelectionQuery.list(AbstractSelectionQuery.java:423) ~[hibernate-core-6.5.3.Final.jar:6.5.3.Final]
	at org.hibernate.query.Query.getResultList(Query.java:120) ~[hibernate-core-6.5.3.Final.jar:6.5.3.Final]
	at org.springframework.data.jpa.repository.support.SimpleJpaRepository.findAll(SimpleJpaRepository.java:387) ~[spring-data-jpa-3.3.4.jar:3.3.4]
	at java.base/jdk.internal.reflect.NativeMethodAccessorImpl.invoke0(Native Method) ~[na:na]
	at java.base/jdk.internal.reflect.NativeMethodAccessorImpl.invoke(NativeMethodAccessorImpl.java:77) ~[na:na]
	at java.base/jdk.internal.reflect.DelegatingMethodAccessorImpl.invoke(DelegatingMethodAccessorImpl.java:43) ~[na:na]
	at java.base/java.lang.reflect.Method.invoke(Method.java:569) ~[na:na]
	at org.springframework.aop.support.AopUtils.invokeJoinpointUsingReflection(AopUtils.java:355) ~[spring-aop-6.1.13.jar:6.1.13]
	at org.springframework.data.repository.core.support.RepositoryMethodInvoker$RepositoryFragmentMethodInvoker.lambda$new$0(RepositoryMethodInvoker.java:277) ~[spring-data-commons-3.3.4.jar:3.3.4]
	at org.springframework.data.repository.core.support.RepositoryMethodInvoker.doInvoke(RepositoryMethodInvoker.java:170) ~[spring-data-commons-3.3.4.jar:3.3.4]
	at org.springframework.data.repository.core.support.RepositoryMethodInvoker.invoke(RepositoryMethodInvoker.java:158) ~[spring-data-commons-3.3.4.jar:3.3.4]
	at org.springframework.data.repository.core.support.RepositoryComposition$RepositoryFragments.invoke(RepositoryComposition.java:516) ~[spring-data-commons-3.3.4.jar:3.3.4]
	at org.springframework.data.repository.core.support.RepositoryComposition.invoke(RepositoryComposition.java:285) ~[spring-data-commons-3.3.4.jar:3.3.4]
	at org.springframework.data.repository.core.support.RepositoryFactorySupport$ImplementationMethodExecutionInterceptor.invoke(RepositoryFactorySupport.java:628) ~[spring-data-commons-3.3.4.jar:3.3.4]
	at org.springframework.aop.framework.ReflectiveMethodInvocation.proceed(ReflectiveMethodInvocation.java:184) ~[spring-aop-6.1.13.jar:6.1.13]
	at org.springframework.data.repository.core.support.QueryExecutorMethodInterceptor.doInvoke(QueryExecutorMethodInterceptor.java:173) ~[spring-data-commons-3.3.4.jar:3.3.4]
	at org.springframework.data.repository.core.support.QueryExecutorMethodInterceptor.invoke(QueryExecutorMethodInterceptor.java:148) ~[spring-data-commons-3.3.4.jar:3.3.4]
	at org.springframework.aop.framework.ReflectiveMethodInvocation.proceed(ReflectiveMethodInvocation.java:184) ~[spring-aop-6.1.13.jar:6.1.13]
	at org.springframework.data.projection.DefaultMethodInvokingMethodInterceptor.invoke(DefaultMethodInvokingMethodInterceptor.java:70) ~[spring-data-commons-3.3.4.jar:3.3.4]
	at org.springframework.aop.framework.ReflectiveMethodInvocation.proceed(ReflectiveMethodInvocation.java:184) ~[spring-aop-6.1.13.jar:6.1.13]
	at org.springframework.transaction.interceptor.TransactionAspectSupport.invokeWithinTransaction(TransactionAspectSupport.java:379) ~[spring-tx-6.1.13.jar:6.1.13]
	at org.springframework.transaction.interceptor.TransactionInterceptor.invoke(TransactionInterceptor.java:119) ~[spring-tx-6.1.13.jar:6.1.13]
	at org.springframework.aop.framework.ReflectiveMethodInvocation.proceed(ReflectiveMethodInvocation.java:184) ~[spring-aop-6.1.13.jar:6.1.13]
	at org.springframework.dao.support.PersistenceExceptionTranslationInterceptor.invoke(PersistenceExceptionTranslationInterceptor.java:138) ~[spring-tx-6.1.13.jar:6.1.13]
	... 66 common frames omitted

2024-11-15T08:39:59.362-05:00  INFO 8776 --- [SysAlmacenFX] [SpringApplicationShutdownHook] j.LocalContainerEntityManagerFactoryBean : Closing JPA EntityManagerFactory for persistence unit 'default'
2024-11-15T08:39:59.368-05:00  INFO 8776 --- [SysAlmacenFX] [SpringApplicationShutdownHook] com.zaxxer.hikari.HikariDataSource       : HikariPool-1 - Shutdown initiated...
2024-11-15T08:39:59.373-05:00  INFO 8776 --- [SysAlmacenFX] [SpringApplicationShutdownHook] com.zaxxer.hikari.HikariDataSource       : HikariPool-1 - Shutdown completed.
2024-11-15T08:40:26.616-05:00  INFO 3440 --- [SysAlmacenFX] [JavaFX-Launcher] o.s.boot.SpringApplication               : Starting application using Java 17.0.13 with PID 3440 (started by User in D:\erick avances\MijaelAvancesPOO\SysAlmacenFX)
2024-11-15T08:40:26.622-05:00  INFO 3440 --- [SysAlmacenFX] [JavaFX-Launcher] o.s.boot.SpringApplication               : No active profile set, falling back to 1 default profile: "default"
2024-11-15T08:40:27.531-05:00  INFO 3440 --- [SysAlmacenFX] [JavaFX-Launcher] .s.d.r.c.RepositoryConfigurationDelegate : Bootstrapping Spring Data JPA repositories in DEFAULT mode.
2024-11-15T08:40:27.658-05:00  INFO 3440 --- [SysAlmacenFX] [JavaFX-Launcher] .s.d.r.c.RepositoryConfigurationDelegate : Finished Spring Data repository scanning in 115 ms. Found 15 JPA repository interfaces.
2024-11-15T08:40:28.245-05:00  INFO 3440 --- [SysAlmacenFX] [JavaFX-Launcher] o.hibernate.jpa.internal.util.LogHelper  : HHH000204: Processing PersistenceUnitInfo [name: default]
2024-11-15T08:40:28.368-05:00  INFO 3440 --- [SysAlmacenFX] [JavaFX-Launcher] org.hibernate.Version                    : HHH000412: Hibernate ORM core version 6.5.3.Final
2024-11-15T08:40:28.428-05:00  INFO 3440 --- [SysAlmacenFX] [JavaFX-Launcher] o.h.c.internal.RegionFactoryInitiator    : HHH000026: Second-level cache disabled
2024-11-15T08:40:28.935-05:00  INFO 3440 --- [SysAlmacenFX] [JavaFX-Launcher] o.s.o.j.p.SpringPersistenceUnitInfo      : No LoadTimeWeaver setup: ignoring JPA class transformer
2024-11-15T08:40:29.005-05:00  INFO 3440 --- [SysAlmacenFX] [JavaFX-Launcher] com.zaxxer.hikari.HikariDataSource       : HikariPool-1 - Starting...
2024-11-15T08:40:29.184-05:00  INFO 3440 --- [SysAlmacenFX] [JavaFX-Launcher] com.zaxxer.hikari.pool.HikariPool        : HikariPool-1 - Added connection org.sqlite.jdbc4.JDBC4Connection@4fc42423
2024-11-15T08:40:29.186-05:00  INFO 3440 --- [SysAlmacenFX] [JavaFX-Launcher] com.zaxxer.hikari.HikariDataSource       : HikariPool-1 - Start completed.
2024-11-15T08:40:30.939-05:00  INFO 3440 --- [SysAlmacenFX] [JavaFX-Launcher] o.h.e.t.j.p.i.JtaPlatformInitiator       : HHH000489: No JTA platform available (set 'hibernate.transaction.jta.platform' to enable JTA platform integration)
2024-11-15T08:40:30.995-05:00  INFO 3440 --- [SysAlmacenFX] [JavaFX-Launcher] j.LocalContainerEntityManagerFactoryBean : Initialized JPA EntityManagerFactory for persistence unit 'default'
2024-11-15T08:40:31.402-05:00  INFO 3440 --- [SysAlmacenFX] [JavaFX-Launcher] o.s.d.j.r.query.QueryEnhancerFactory     : Hibernate is in classpath; If applicable, HQL parser will be used.
2024-11-15T08:40:31.899-05:00  INFO 3440 --- [SysAlmacenFX] [JavaFX-Launcher] o.s.boot.SpringApplication               : Started application in 6.14 seconds (process running for 7.139)
2024-11-15T08:40:31.982-05:00  WARN 3440 --- [SysAlmacenFX] [JavaFX-Launcher] javafx                                   : Loading FXML document with JavaFX API of version 22 by JavaFX runtime of version 16
2024-11-15T08:41:15.504-05:00  WARN 3440 --- [SysAlmacenFX] [JavaFX Application Thread] javafx                                   : Loading FXML document with JavaFX API of version 22 by JavaFX runtime of version 16
2024-11-15T08:41:21.657-05:00 ERROR 3440 --- [SysAlmacenFX] [JavaFX Application Thread] p.e.u.s.servicio.ProductoService         : Error al realizar la busqueda

org.springframework.orm.jpa.JpaObjectRetrievalFailureException: Unable to find pe.edu.upeu.sysalmacenfx.modelo.Categoria with id 2
	at org.springframework.orm.jpa.EntityManagerFactoryUtils.convertJpaAccessExceptionIfPossible(EntityManagerFactoryUtils.java:376) ~[spring-orm-6.1.13.jar:6.1.13]
	at org.springframework.orm.jpa.vendor.HibernateJpaDialect.translateExceptionIfPossible(HibernateJpaDialect.java:246) ~[spring-orm-6.1.13.jar:6.1.13]
	at org.springframework.orm.jpa.AbstractEntityManagerFactoryBean.translateExceptionIfPossible(AbstractEntityManagerFactoryBean.java:550) ~[spring-orm-6.1.13.jar:6.1.13]
	at org.springframework.dao.support.ChainedPersistenceExceptionTranslator.translateExceptionIfPossible(ChainedPersistenceExceptionTranslator.java:61) ~[spring-tx-6.1.13.jar:6.1.13]
	at org.springframework.dao.support.DataAccessUtils.translateIfNecessary(DataAccessUtils.java:335) ~[spring-tx-6.1.13.jar:6.1.13]
	at org.springframework.dao.support.PersistenceExceptionTranslationInterceptor.invoke(PersistenceExceptionTranslationInterceptor.java:160) ~[spring-tx-6.1.13.jar:6.1.13]
	at org.springframework.aop.framework.ReflectiveMethodInvocation.proceed(ReflectiveMethodInvocation.java:184) ~[spring-aop-6.1.13.jar:6.1.13]
	at org.springframework.data.jpa.repository.support.CrudMethodMetadataPostProcessor$CrudMethodMetadataPopulatingMethodInterceptor.invoke(CrudMethodMetadataPostProcessor.java:165) ~[spring-data-jpa-3.3.4.jar:3.3.4]
	at org.springframework.aop.framework.ReflectiveMethodInvocation.proceed(ReflectiveMethodInvocation.java:184) ~[spring-aop-6.1.13.jar:6.1.13]
	at org.springframework.aop.interceptor.ExposeInvocationInterceptor.invoke(ExposeInvocationInterceptor.java:97) ~[spring-aop-6.1.13.jar:6.1.13]
	at org.springframework.aop.framework.ReflectiveMethodInvocation.proceed(ReflectiveMethodInvocation.java:184) ~[spring-aop-6.1.13.jar:6.1.13]
	at org.springframework.aop.framework.JdkDynamicAopProxy.invoke(JdkDynamicAopProxy.java:223) ~[spring-aop-6.1.13.jar:6.1.13]
	at jdk.proxy2/jdk.proxy2.$Proxy123.findAll(Unknown Source) ~[na:na]
	at pe.edu.upeu.sysalmacenfx.servicio.ProductoService.listAutoCompletProducto(ProductoService.java:56) ~[classes/:na]
	at pe.edu.upeu.sysalmacenfx.control.Venta_Controller.listarProducto(Venta_Controller.java:105) ~[classes/:na]
	at pe.edu.upeu.sysalmacenfx.control.Venta_Controller.initialize(Venta_Controller.java:86) ~[classes/:na]
	at java.base/jdk.internal.reflect.NativeMethodAccessorImpl.invoke0(Native Method) ~[na:na]
	at java.base/jdk.internal.reflect.NativeMethodAccessorImpl.invoke(NativeMethodAccessorImpl.java:77) ~[na:na]
	at java.base/jdk.internal.reflect.DelegatingMethodAccessorImpl.invoke(DelegatingMethodAccessorImpl.java:43) ~[na:na]
	at java.base/java.lang.reflect.Method.invoke(Method.java:569) ~[na:na]
	at com.sun.javafx.reflect.Trampoline.invoke(MethodUtil.java:76) ~[javafx-base-16-win.jar:na]
	at java.base/jdk.internal.reflect.NativeMethodAccessorImpl.invoke0(Native Method) ~[na:na]
	at java.base/jdk.internal.reflect.NativeMethodAccessorImpl.invoke(NativeMethodAccessorImpl.java:77) ~[na:na]
	at java.base/jdk.internal.reflect.DelegatingMethodAccessorImpl.invoke(DelegatingMethodAccessorImpl.java:43) ~[na:na]
	at java.base/java.lang.reflect.Method.invoke(Method.java:569) ~[na:na]
	at com.sun.javafx.reflect.MethodUtil.invoke(MethodUtil.java:273) ~[javafx-base-16-win.jar:na]
	at com.sun.javafx.fxml.MethodHelper.invoke(MethodHelper.java:83) ~[javafx-fxml-16-win.jar:na]
	at javafx.fxml.FXMLLoader.loadImpl(FXMLLoader.java:2673) ~[javafx-fxml-16-win.jar:na]
	at javafx.fxml.FXMLLoader.loadImpl(FXMLLoader.java:2548) ~[javafx-fxml-16-win.jar:na]
	at javafx.fxml.FXMLLoader.load(FXMLLoader.java:2517) ~[javafx-fxml-16-win.jar:na]
	at pe.edu.upeu.sysalmacenfx.control.GUIMainFX$MenuItemListener.handle(GUIMainFX.java:156) ~[classes/:na]
	at com.sun.javafx.event.CompositeEventHandler.dispatchBubblingEvent(CompositeEventHandler.java:86) ~[javafx-base-16-win.jar:na]
	at com.sun.javafx.event.EventHandlerManager.dispatchBubblingEvent(EventHandlerManager.java:234) ~[javafx-base-16-win.jar:na]
	at com.sun.javafx.event.EventHandlerManager.dispatchBubblingEvent(EventHandlerManager.java:191) ~[javafx-base-16-win.jar:na]
	at com.sun.javafx.event.BasicEventDispatcher.dispatchEvent(BasicEventDispatcher.java:58) ~[javafx-base-16-win.jar:na]
	at com.sun.javafx.event.EventDispatchChainImpl.dispatchEvent(EventDispatchChainImpl.java:114) ~[javafx-base-16-win.jar:na]
	at com.sun.javafx.event.EventUtil.fireEventImpl(EventUtil.java:74) ~[javafx-base-16-win.jar:na]
	at com.sun.javafx.event.EventUtil.fireEvent(EventUtil.java:49) ~[javafx-base-16-win.jar:na]
	at javafx.event.Event.fireEvent(Event.java:198) ~[javafx-base-16-win.jar:na]
	at javafx.scene.control.MenuItem.fire(MenuItem.java:459) ~[javafx-controls-16-win.jar:na]
	at com.sun.javafx.scene.control.ContextMenuContent$MenuItemContainer.doSelect(ContextMenuContent.java:1385) ~[javafx-controls-16-win.jar:na]
	at com.sun.javafx.scene.control.ContextMenuContent$MenuItemContainer.lambda$createChildren$12(ContextMenuContent.java:1338) ~[javafx-controls-16-win.jar:na]
	at com.sun.javafx.event.CompositeEventHandler$NormalEventHandlerRecord.handleBubblingEvent(CompositeEventHandler.java:247) ~[javafx-base-16-win.jar:na]
	at com.sun.javafx.event.CompositeEventHandler.dispatchBubblingEvent(CompositeEventHandler.java:80) ~[javafx-base-16-win.jar:na]
	at com.sun.javafx.event.EventHandlerManager.dispatchBubblingEvent(EventHandlerManager.java:234) ~[javafx-base-16-win.jar:na]
	at com.sun.javafx.event.EventHandlerManager.dispatchBubblingEvent(EventHandlerManager.java:191) ~[javafx-base-16-win.jar:na]
	at com.sun.javafx.event.CompositeEventDispatcher.dispatchBubblingEvent(CompositeEventDispatcher.java:59) ~[javafx-base-16-win.jar:na]
	at com.sun.javafx.event.BasicEventDispatcher.dispatchEvent(BasicEventDispatcher.java:58) ~[javafx-base-16-win.jar:na]
	at com.sun.javafx.event.EventDispatchChainImpl.dispatchEvent(EventDispatchChainImpl.java:114) ~[javafx-base-16-win.jar:na]
	at com.sun.javafx.event.BasicEventDispatcher.dispatchEvent(BasicEventDispatcher.java:56) ~[javafx-base-16-win.jar:na]
	at com.sun.javafx.event.EventDispatchChainImpl.dispatchEvent(EventDispatchChainImpl.java:114) ~[javafx-base-16-win.jar:na]
	at com.sun.javafx.event.BasicEventDispatcher.dispatchEvent(BasicEventDispatcher.java:56) ~[javafx-base-16-win.jar:na]
	at com.sun.javafx.event.EventDispatchChainImpl.dispatchEvent(EventDispatchChainImpl.java:114) ~[javafx-base-16-win.jar:na]
	at com.sun.javafx.event.BasicEventDispatcher.dispatchEvent(BasicEventDispatcher.java:56) ~[javafx-base-16-win.jar:na]
	at com.sun.javafx.event.EventDispatchChainImpl.dispatchEvent(EventDispatchChainImpl.java:114) ~[javafx-base-16-win.jar:na]
	at com.sun.javafx.event.EventUtil.fireEventImpl(EventUtil.java:74) ~[javafx-base-16-win.jar:na]
	at com.sun.javafx.event.EventUtil.fireEvent(EventUtil.java:54) ~[javafx-base-16-win.jar:na]
	at javafx.event.Event.fireEvent(Event.java:198) ~[javafx-base-16-win.jar:na]
	at javafx.scene.Scene$MouseHandler.process(Scene.java:3856) ~[javafx-graphics-16-win.jar:na]
	at javafx.scene.Scene.processMouseEvent(Scene.java:1851) ~[javafx-graphics-16-win.jar:na]
	at javafx.scene.Scene$ScenePeerListener.mouseEvent(Scene.java:2584) ~[javafx-graphics-16-win.jar:na]
	at com.sun.javafx.tk.quantum.GlassViewEventHandler$MouseEventNotification.run(GlassViewEventHandler.java:409) ~[javafx-graphics-16-win.jar:na]
	at com.sun.javafx.tk.quantum.GlassViewEventHandler$MouseEventNotification.run(GlassViewEventHandler.java:299) ~[javafx-graphics-16-win.jar:na]
	at java.base/java.security.AccessController.doPrivileged(AccessController.java:399) ~[na:na]
	at com.sun.javafx.tk.quantum.GlassViewEventHandler.lambda$handleMouseEvent$2(GlassViewEventHandler.java:447) ~[javafx-graphics-16-win.jar:na]
	at com.sun.javafx.tk.quantum.QuantumToolkit.runWithoutRenderLock(QuantumToolkit.java:412) ~[javafx-graphics-16-win.jar:na]
	at com.sun.javafx.tk.quantum.GlassViewEventHandler.handleMouseEvent(GlassViewEventHandler.java:446) ~[javafx-graphics-16-win.jar:na]
	at com.sun.glass.ui.View.handleMouseEvent(View.java:556) ~[javafx-graphics-16-win.jar:na]
	at com.sun.glass.ui.View.notifyMouse(View.java:942) ~[javafx-graphics-16-win.jar:na]
	at com.sun.glass.ui.win.WinApplication._runLoop(Native Method) ~[javafx-graphics-16-win.jar:na]
	at com.sun.glass.ui.win.WinApplication.lambda$runLoop$3(WinApplication.java:174) ~[javafx-graphics-16-win.jar:na]
	at java.base/java.lang.Thread.run(Thread.java:840) ~[na:na]
Caused by: jakarta.persistence.EntityNotFoundException: Unable to find pe.edu.upeu.sysalmacenfx.modelo.Categoria with id 2
	at org.hibernate.jpa.boot.internal.EntityManagerFactoryBuilderImpl$JpaEntityNotFoundDelegate.handleEntityNotFound(EntityManagerFactoryBuilderImpl.java:190) ~[hibernate-core-6.5.3.Final.jar:6.5.3.Final]
	at org.hibernate.event.internal.DefaultLoadEventListener.load(DefaultLoadEventListener.java:212) ~[hibernate-core-6.5.3.Final.jar:6.5.3.Final]
	at org.hibernate.event.internal.DefaultLoadEventListener.loadWithRegularProxy(DefaultLoadEventListener.java:290) ~[hibernate-core-6.5.3.Final.jar:6.5.3.Final]
	at org.hibernate.event.internal.DefaultLoadEventListener.proxyOrLoad(DefaultLoadEventListener.java:242) ~[hibernate-core-6.5.3.Final.jar:6.5.3.Final]
	at org.hibernate.event.internal.DefaultLoadEventListener.doOnLoad(DefaultLoadEventListener.java:111) ~[hibernate-core-6.5.3.Final.jar:6.5.3.Final]
	at org.hibernate.event.internal.DefaultLoadEventListener.onLoad(DefaultLoadEventListener.java:68) ~[hibernate-core-6.5.3.Final.jar:6.5.3.Final]
	at org.hibernate.event.service.internal.EventListenerGroupImpl.fireEventOnEachListener(EventListenerGroupImpl.java:138) ~[hibernate-core-6.5.3.Final.jar:6.5.3.Final]
	at org.hibernate.internal.SessionImpl.fireLoadNoChecks(SessionImpl.java:1225) ~[hibernate-core-6.5.3.Final.jar:6.5.3.Final]
	at org.hibernate.internal.SessionImpl.internalLoad(SessionImpl.java:1071) ~[hibernate-core-6.5.3.Final.jar:6.5.3.Final]
	at org.hibernate.sql.results.graph.entity.internal.EntitySelectFetchInitializer.initializeInstance(EntitySelectFetchInitializer.java:215) ~[hibernate-core-6.5.3.Final.jar:6.5.3.Final]
	at org.hibernate.sql.results.internal.InitializersList.initializeInstance(InitializersList.java:73) ~[hibernate-core-6.5.3.Final.jar:6.5.3.Final]
	at org.hibernate.sql.results.internal.StandardRowReader.coordinateInitializers(StandardRowReader.java:113) ~[hibernate-core-6.5.3.Final.jar:6.5.3.Final]
	at org.hibernate.sql.results.internal.StandardRowReader.readRow(StandardRowReader.java:87) ~[hibernate-core-6.5.3.Final.jar:6.5.3.Final]
	at org.hibernate.sql.results.spi.ListResultsConsumer.consume(ListResultsConsumer.java:205) ~[hibernate-core-6.5.3.Final.jar:6.5.3.Final]
	at org.hibernate.sql.results.spi.ListResultsConsumer.consume(ListResultsConsumer.java:33) ~[hibernate-core-6.5.3.Final.jar:6.5.3.Final]
	at org.hibernate.sql.exec.internal.JdbcSelectExecutorStandardImpl.doExecuteQuery(JdbcSelectExecutorStandardImpl.java:211) ~[hibernate-core-6.5.3.Final.jar:6.5.3.Final]
	at org.hibernate.sql.exec.internal.JdbcSelectExecutorStandardImpl.executeQuery(JdbcSelectExecutorStandardImpl.java:83) ~[hibernate-core-6.5.3.Final.jar:6.5.3.Final]
	at org.hibernate.sql.exec.spi.JdbcSelectExecutor.list(JdbcSelectExecutor.java:76) ~[hibernate-core-6.5.3.Final.jar:6.5.3.Final]
	at org.hibernate.sql.exec.spi.JdbcSelectExecutor.list(JdbcSelectExecutor.java:65) ~[hibernate-core-6.5.3.Final.jar:6.5.3.Final]
	at org.hibernate.query.sqm.internal.ConcreteSqmSelectQueryPlan.lambda$new$2(ConcreteSqmSelectQueryPlan.java:139) ~[hibernate-core-6.5.3.Final.jar:6.5.3.Final]
	at org.hibernate.query.sqm.internal.ConcreteSqmSelectQueryPlan.withCacheableSqmInterpretation(ConcreteSqmSelectQueryPlan.java:382) ~[hibernate-core-6.5.3.Final.jar:6.5.3.Final]
	at org.hibernate.query.sqm.internal.ConcreteSqmSelectQueryPlan.performList(ConcreteSqmSelectQueryPlan.java:302) ~[hibernate-core-6.5.3.Final.jar:6.5.3.Final]
	at org.hibernate.query.sqm.internal.QuerySqmImpl.doList(QuerySqmImpl.java:526) ~[hibernate-core-6.5.3.Final.jar:6.5.3.Final]
	at org.hibernate.query.spi.AbstractSelectionQuery.list(AbstractSelectionQuery.java:423) ~[hibernate-core-6.5.3.Final.jar:6.5.3.Final]
	at org.hibernate.query.Query.getResultList(Query.java:120) ~[hibernate-core-6.5.3.Final.jar:6.5.3.Final]
	at org.springframework.data.jpa.repository.support.SimpleJpaRepository.findAll(SimpleJpaRepository.java:387) ~[spring-data-jpa-3.3.4.jar:3.3.4]
	at java.base/jdk.internal.reflect.NativeMethodAccessorImpl.invoke0(Native Method) ~[na:na]
	at java.base/jdk.internal.reflect.NativeMethodAccessorImpl.invoke(NativeMethodAccessorImpl.java:77) ~[na:na]
	at java.base/jdk.internal.reflect.DelegatingMethodAccessorImpl.invoke(DelegatingMethodAccessorImpl.java:43) ~[na:na]
	at java.base/java.lang.reflect.Method.invoke(Method.java:569) ~[na:na]
	at org.springframework.aop.support.AopUtils.invokeJoinpointUsingReflection(AopUtils.java:355) ~[spring-aop-6.1.13.jar:6.1.13]
	at org.springframework.data.repository.core.support.RepositoryMethodInvoker$RepositoryFragmentMethodInvoker.lambda$new$0(RepositoryMethodInvoker.java:277) ~[spring-data-commons-3.3.4.jar:3.3.4]
	at org.springframework.data.repository.core.support.RepositoryMethodInvoker.doInvoke(RepositoryMethodInvoker.java:170) ~[spring-data-commons-3.3.4.jar:3.3.4]
	at org.springframework.data.repository.core.support.RepositoryMethodInvoker.invoke(RepositoryMethodInvoker.java:158) ~[spring-data-commons-3.3.4.jar:3.3.4]
	at org.springframework.data.repository.core.support.RepositoryComposition$RepositoryFragments.invoke(RepositoryComposition.java:516) ~[spring-data-commons-3.3.4.jar:3.3.4]
	at org.springframework.data.repository.core.support.RepositoryComposition.invoke(RepositoryComposition.java:285) ~[spring-data-commons-3.3.4.jar:3.3.4]
	at org.springframework.data.repository.core.support.RepositoryFactorySupport$ImplementationMethodExecutionInterceptor.invoke(RepositoryFactorySupport.java:628) ~[spring-data-commons-3.3.4.jar:3.3.4]
	at org.springframework.aop.framework.ReflectiveMethodInvocation.proceed(ReflectiveMethodInvocation.java:184) ~[spring-aop-6.1.13.jar:6.1.13]
	at org.springframework.data.repository.core.support.QueryExecutorMethodInterceptor.doInvoke(QueryExecutorMethodInterceptor.java:173) ~[spring-data-commons-3.3.4.jar:3.3.4]
	at org.springframework.data.repository.core.support.QueryExecutorMethodInterceptor.invoke(QueryExecutorMethodInterceptor.java:148) ~[spring-data-commons-3.3.4.jar:3.3.4]
	at org.springframework.aop.framework.ReflectiveMethodInvocation.proceed(ReflectiveMethodInvocation.java:184) ~[spring-aop-6.1.13.jar:6.1.13]
	at org.springframework.data.projection.DefaultMethodInvokingMethodInterceptor.invoke(DefaultMethodInvokingMethodInterceptor.java:70) ~[spring-data-commons-3.3.4.jar:3.3.4]
	at org.springframework.aop.framework.ReflectiveMethodInvocation.proceed(ReflectiveMethodInvocation.java:184) ~[spring-aop-6.1.13.jar:6.1.13]
	at org.springframework.transaction.interceptor.TransactionAspectSupport.invokeWithinTransaction(TransactionAspectSupport.java:379) ~[spring-tx-6.1.13.jar:6.1.13]
	at org.springframework.transaction.interceptor.TransactionInterceptor.invoke(TransactionInterceptor.java:119) ~[spring-tx-6.1.13.jar:6.1.13]
	at org.springframework.aop.framework.ReflectiveMethodInvocation.proceed(ReflectiveMethodInvocation.java:184) ~[spring-aop-6.1.13.jar:6.1.13]
	at org.springframework.dao.support.PersistenceExceptionTranslationInterceptor.invoke(PersistenceExceptionTranslationInterceptor.java:138) ~[spring-tx-6.1.13.jar:6.1.13]
	... 66 common frames omitted

2024-11-15T08:43:20.811-05:00  INFO 3440 --- [SysAlmacenFX] [JavaFX Application Thread] j.LocalContainerEntityManagerFactoryBean : Closing JPA EntityManagerFactory for persistence unit 'default'
2024-11-15T08:43:20.816-05:00  INFO 3440 --- [SysAlmacenFX] [JavaFX Application Thread] com.zaxxer.hikari.HikariDataSource       : HikariPool-1 - Shutdown initiated...
2024-11-15T08:43:20.822-05:00  INFO 3440 --- [SysAlmacenFX] [JavaFX Application Thread] com.zaxxer.hikari.HikariDataSource       : HikariPool-1 - Shutdown completed.
2024-11-15T08:45:54.822-05:00  INFO 21912 --- [SysAlmacenFX] [JavaFX-Launcher] o.s.boot.SpringApplication               : Starting application using Java 17.0.13 with PID 21912 (started by User in D:\erick avances\MijaelAvancesPOO\SysAlmacenFX)
2024-11-15T08:45:54.830-05:00  INFO 21912 --- [SysAlmacenFX] [JavaFX-Launcher] o.s.boot.SpringApplication               : No active profile set, falling back to 1 default profile: "default"
2024-11-15T08:45:55.818-05:00  INFO 21912 --- [SysAlmacenFX] [JavaFX-Launcher] .s.d.r.c.RepositoryConfigurationDelegate : Bootstrapping Spring Data JPA repositories in DEFAULT mode.
2024-11-15T08:45:55.949-05:00  INFO 21912 --- [SysAlmacenFX] [JavaFX-Launcher] .s.d.r.c.RepositoryConfigurationDelegate : Finished Spring Data repository scanning in 120 ms. Found 15 JPA repository interfaces.
2024-11-15T08:45:56.518-05:00  INFO 21912 --- [SysAlmacenFX] [JavaFX-Launcher] o.hibernate.jpa.internal.util.LogHelper  : HHH000204: Processing PersistenceUnitInfo [name: default]
2024-11-15T08:45:56.588-05:00  INFO 21912 --- [SysAlmacenFX] [JavaFX-Launcher] org.hibernate.Version                    : HHH000412: Hibernate ORM core version 6.5.3.Final
2024-11-15T08:45:56.631-05:00  INFO 21912 --- [SysAlmacenFX] [JavaFX-Launcher] o.h.c.internal.RegionFactoryInitiator    : HHH000026: Second-level cache disabled
2024-11-15T08:45:57.030-05:00  INFO 21912 --- [SysAlmacenFX] [JavaFX-Launcher] o.s.o.j.p.SpringPersistenceUnitInfo      : No LoadTimeWeaver setup: ignoring JPA class transformer
2024-11-15T08:45:57.076-05:00  INFO 21912 --- [SysAlmacenFX] [JavaFX-Launcher] com.zaxxer.hikari.HikariDataSource       : HikariPool-1 - Starting...
2024-11-15T08:45:57.227-05:00  INFO 21912 --- [SysAlmacenFX] [JavaFX-Launcher] com.zaxxer.hikari.pool.HikariPool        : HikariPool-1 - Added connection org.sqlite.jdbc4.JDBC4Connection@6073d4e4
2024-11-15T08:45:57.235-05:00  INFO 21912 --- [SysAlmacenFX] [JavaFX-Launcher] com.zaxxer.hikari.HikariDataSource       : HikariPool-1 - Start completed.
2024-11-15T08:45:59.188-05:00  INFO 21912 --- [SysAlmacenFX] [JavaFX-Launcher] o.h.e.t.j.p.i.JtaPlatformInitiator       : HHH000489: No JTA platform available (set 'hibernate.transaction.jta.platform' to enable JTA platform integration)
2024-11-15T08:45:59.232-05:00  INFO 21912 --- [SysAlmacenFX] [JavaFX-Launcher] j.LocalContainerEntityManagerFactoryBean : Initialized JPA EntityManagerFactory for persistence unit 'default'
2024-11-15T08:45:59.607-05:00  INFO 21912 --- [SysAlmacenFX] [JavaFX-Launcher] o.s.d.j.r.query.QueryEnhancerFactory     : Hibernate is in classpath; If applicable, HQL parser will be used.
2024-11-15T08:46:00.086-05:00  INFO 21912 --- [SysAlmacenFX] [JavaFX-Launcher] o.s.boot.SpringApplication               : Started application in 6.078 seconds (process running for 7.066)
2024-11-15T08:46:00.162-05:00  WARN 21912 --- [SysAlmacenFX] [JavaFX-Launcher] javafx                                   : Loading FXML document with JavaFX API of version 22 by JavaFX runtime of version 16
2024-11-15T08:46:07.843-05:00  WARN 21912 --- [SysAlmacenFX] [JavaFX Application Thread] javafx                                   : Loading FXML document with JavaFX API of version 22 by JavaFX runtime of version 16
2024-11-15T08:46:10.444-05:00 ERROR 21912 --- [SysAlmacenFX] [JavaFX Application Thread] p.e.u.s.servicio.ProductoService         : Error al realizar la busqueda

org.springframework.orm.jpa.JpaObjectRetrievalFailureException: Unable to find pe.edu.upeu.sysalmacenfx.modelo.Categoria with id 2
	at org.springframework.orm.jpa.EntityManagerFactoryUtils.convertJpaAccessExceptionIfPossible(EntityManagerFactoryUtils.java:376) ~[spring-orm-6.1.13.jar:6.1.13]
	at org.springframework.orm.jpa.vendor.HibernateJpaDialect.translateExceptionIfPossible(HibernateJpaDialect.java:246) ~[spring-orm-6.1.13.jar:6.1.13]
	at org.springframework.orm.jpa.AbstractEntityManagerFactoryBean.translateExceptionIfPossible(AbstractEntityManagerFactoryBean.java:550) ~[spring-orm-6.1.13.jar:6.1.13]
	at org.springframework.dao.support.ChainedPersistenceExceptionTranslator.translateExceptionIfPossible(ChainedPersistenceExceptionTranslator.java:61) ~[spring-tx-6.1.13.jar:6.1.13]
	at org.springframework.dao.support.DataAccessUtils.translateIfNecessary(DataAccessUtils.java:335) ~[spring-tx-6.1.13.jar:6.1.13]
	at org.springframework.dao.support.PersistenceExceptionTranslationInterceptor.invoke(PersistenceExceptionTranslationInterceptor.java:160) ~[spring-tx-6.1.13.jar:6.1.13]
	at org.springframework.aop.framework.ReflectiveMethodInvocation.proceed(ReflectiveMethodInvocation.java:184) ~[spring-aop-6.1.13.jar:6.1.13]
	at org.springframework.data.jpa.repository.support.CrudMethodMetadataPostProcessor$CrudMethodMetadataPopulatingMethodInterceptor.invoke(CrudMethodMetadataPostProcessor.java:165) ~[spring-data-jpa-3.3.4.jar:3.3.4]
	at org.springframework.aop.framework.ReflectiveMethodInvocation.proceed(ReflectiveMethodInvocation.java:184) ~[spring-aop-6.1.13.jar:6.1.13]
	at org.springframework.aop.interceptor.ExposeInvocationInterceptor.invoke(ExposeInvocationInterceptor.java:97) ~[spring-aop-6.1.13.jar:6.1.13]
	at org.springframework.aop.framework.ReflectiveMethodInvocation.proceed(ReflectiveMethodInvocation.java:184) ~[spring-aop-6.1.13.jar:6.1.13]
	at org.springframework.aop.framework.JdkDynamicAopProxy.invoke(JdkDynamicAopProxy.java:223) ~[spring-aop-6.1.13.jar:6.1.13]
	at jdk.proxy2/jdk.proxy2.$Proxy123.findAll(Unknown Source) ~[na:na]
	at pe.edu.upeu.sysalmacenfx.servicio.ProductoService.listAutoCompletProducto(ProductoService.java:56) ~[classes/:na]
	at pe.edu.upeu.sysalmacenfx.control.Venta_Controller.listarProducto(Venta_Controller.java:105) ~[classes/:na]
	at pe.edu.upeu.sysalmacenfx.control.Venta_Controller.initialize(Venta_Controller.java:86) ~[classes/:na]
	at java.base/jdk.internal.reflect.NativeMethodAccessorImpl.invoke0(Native Method) ~[na:na]
	at java.base/jdk.internal.reflect.NativeMethodAccessorImpl.invoke(NativeMethodAccessorImpl.java:77) ~[na:na]
	at java.base/jdk.internal.reflect.DelegatingMethodAccessorImpl.invoke(DelegatingMethodAccessorImpl.java:43) ~[na:na]
	at java.base/java.lang.reflect.Method.invoke(Method.java:569) ~[na:na]
	at com.sun.javafx.reflect.Trampoline.invoke(MethodUtil.java:76) ~[javafx-base-16-win.jar:na]
	at java.base/jdk.internal.reflect.NativeMethodAccessorImpl.invoke0(Native Method) ~[na:na]
	at java.base/jdk.internal.reflect.NativeMethodAccessorImpl.invoke(NativeMethodAccessorImpl.java:77) ~[na:na]
	at java.base/jdk.internal.reflect.DelegatingMethodAccessorImpl.invoke(DelegatingMethodAccessorImpl.java:43) ~[na:na]
	at java.base/java.lang.reflect.Method.invoke(Method.java:569) ~[na:na]
	at com.sun.javafx.reflect.MethodUtil.invoke(MethodUtil.java:273) ~[javafx-base-16-win.jar:na]
	at com.sun.javafx.fxml.MethodHelper.invoke(MethodHelper.java:83) ~[javafx-fxml-16-win.jar:na]
	at javafx.fxml.FXMLLoader.loadImpl(FXMLLoader.java:2673) ~[javafx-fxml-16-win.jar:na]
	at javafx.fxml.FXMLLoader.loadImpl(FXMLLoader.java:2548) ~[javafx-fxml-16-win.jar:na]
	at javafx.fxml.FXMLLoader.load(FXMLLoader.java:2517) ~[javafx-fxml-16-win.jar:na]
	at pe.edu.upeu.sysalmacenfx.control.GUIMainFX$MenuItemListener.handle(GUIMainFX.java:156) ~[classes/:na]
	at com.sun.javafx.event.CompositeEventHandler.dispatchBubblingEvent(CompositeEventHandler.java:86) ~[javafx-base-16-win.jar:na]
	at com.sun.javafx.event.EventHandlerManager.dispatchBubblingEvent(EventHandlerManager.java:234) ~[javafx-base-16-win.jar:na]
	at com.sun.javafx.event.EventHandlerManager.dispatchBubblingEvent(EventHandlerManager.java:191) ~[javafx-base-16-win.jar:na]
	at com.sun.javafx.event.BasicEventDispatcher.dispatchEvent(BasicEventDispatcher.java:58) ~[javafx-base-16-win.jar:na]
	at com.sun.javafx.event.EventDispatchChainImpl.dispatchEvent(EventDispatchChainImpl.java:114) ~[javafx-base-16-win.jar:na]
	at com.sun.javafx.event.EventUtil.fireEventImpl(EventUtil.java:74) ~[javafx-base-16-win.jar:na]
	at com.sun.javafx.event.EventUtil.fireEvent(EventUtil.java:49) ~[javafx-base-16-win.jar:na]
	at javafx.event.Event.fireEvent(Event.java:198) ~[javafx-base-16-win.jar:na]
	at javafx.scene.control.MenuItem.fire(MenuItem.java:459) ~[javafx-controls-16-win.jar:na]
	at com.sun.javafx.scene.control.ContextMenuContent$MenuItemContainer.doSelect(ContextMenuContent.java:1385) ~[javafx-controls-16-win.jar:na]
	at com.sun.javafx.scene.control.ContextMenuContent$MenuItemContainer.lambda$createChildren$12(ContextMenuContent.java:1338) ~[javafx-controls-16-win.jar:na]
	at com.sun.javafx.event.CompositeEventHandler$NormalEventHandlerRecord.handleBubblingEvent(CompositeEventHandler.java:247) ~[javafx-base-16-win.jar:na]
	at com.sun.javafx.event.CompositeEventHandler.dispatchBubblingEvent(CompositeEventHandler.java:80) ~[javafx-base-16-win.jar:na]
	at com.sun.javafx.event.EventHandlerManager.dispatchBubblingEvent(EventHandlerManager.java:234) ~[javafx-base-16-win.jar:na]
	at com.sun.javafx.event.EventHandlerManager.dispatchBubblingEvent(EventHandlerManager.java:191) ~[javafx-base-16-win.jar:na]
	at com.sun.javafx.event.CompositeEventDispatcher.dispatchBubblingEvent(CompositeEventDispatcher.java:59) ~[javafx-base-16-win.jar:na]
	at com.sun.javafx.event.BasicEventDispatcher.dispatchEvent(BasicEventDispatcher.java:58) ~[javafx-base-16-win.jar:na]
	at com.sun.javafx.event.EventDispatchChainImpl.dispatchEvent(EventDispatchChainImpl.java:114) ~[javafx-base-16-win.jar:na]
	at com.sun.javafx.event.BasicEventDispatcher.dispatchEvent(BasicEventDispatcher.java:56) ~[javafx-base-16-win.jar:na]
	at com.sun.javafx.event.EventDispatchChainImpl.dispatchEvent(EventDispatchChainImpl.java:114) ~[javafx-base-16-win.jar:na]
	at com.sun.javafx.event.BasicEventDispatcher.dispatchEvent(BasicEventDispatcher.java:56) ~[javafx-base-16-win.jar:na]
	at com.sun.javafx.event.EventDispatchChainImpl.dispatchEvent(EventDispatchChainImpl.java:114) ~[javafx-base-16-win.jar:na]
	at com.sun.javafx.event.BasicEventDispatcher.dispatchEvent(BasicEventDispatcher.java:56) ~[javafx-base-16-win.jar:na]
	at com.sun.javafx.event.EventDispatchChainImpl.dispatchEvent(EventDispatchChainImpl.java:114) ~[javafx-base-16-win.jar:na]
	at com.sun.javafx.event.EventUtil.fireEventImpl(EventUtil.java:74) ~[javafx-base-16-win.jar:na]
	at com.sun.javafx.event.EventUtil.fireEvent(EventUtil.java:54) ~[javafx-base-16-win.jar:na]
	at javafx.event.Event.fireEvent(Event.java:198) ~[javafx-base-16-win.jar:na]
	at javafx.scene.Scene$MouseHandler.process(Scene.java:3856) ~[javafx-graphics-16-win.jar:na]
	at javafx.scene.Scene.processMouseEvent(Scene.java:1851) ~[javafx-graphics-16-win.jar:na]
	at javafx.scene.Scene$ScenePeerListener.mouseEvent(Scene.java:2584) ~[javafx-graphics-16-win.jar:na]
	at com.sun.javafx.tk.quantum.GlassViewEventHandler$MouseEventNotification.run(GlassViewEventHandler.java:409) ~[javafx-graphics-16-win.jar:na]
	at com.sun.javafx.tk.quantum.GlassViewEventHandler$MouseEventNotification.run(GlassViewEventHandler.java:299) ~[javafx-graphics-16-win.jar:na]
	at java.base/java.security.AccessController.doPrivileged(AccessController.java:399) ~[na:na]
	at com.sun.javafx.tk.quantum.GlassViewEventHandler.lambda$handleMouseEvent$2(GlassViewEventHandler.java:447) ~[javafx-graphics-16-win.jar:na]
	at com.sun.javafx.tk.quantum.QuantumToolkit.runWithoutRenderLock(QuantumToolkit.java:412) ~[javafx-graphics-16-win.jar:na]
	at com.sun.javafx.tk.quantum.GlassViewEventHandler.handleMouseEvent(GlassViewEventHandler.java:446) ~[javafx-graphics-16-win.jar:na]
	at com.sun.glass.ui.View.handleMouseEvent(View.java:556) ~[javafx-graphics-16-win.jar:na]
	at com.sun.glass.ui.View.notifyMouse(View.java:942) ~[javafx-graphics-16-win.jar:na]
	at com.sun.glass.ui.win.WinApplication._runLoop(Native Method) ~[javafx-graphics-16-win.jar:na]
	at com.sun.glass.ui.win.WinApplication.lambda$runLoop$3(WinApplication.java:174) ~[javafx-graphics-16-win.jar:na]
	at java.base/java.lang.Thread.run(Thread.java:840) ~[na:na]
Caused by: jakarta.persistence.EntityNotFoundException: Unable to find pe.edu.upeu.sysalmacenfx.modelo.Categoria with id 2
	at org.hibernate.jpa.boot.internal.EntityManagerFactoryBuilderImpl$JpaEntityNotFoundDelegate.handleEntityNotFound(EntityManagerFactoryBuilderImpl.java:190) ~[hibernate-core-6.5.3.Final.jar:6.5.3.Final]
	at org.hibernate.event.internal.DefaultLoadEventListener.load(DefaultLoadEventListener.java:212) ~[hibernate-core-6.5.3.Final.jar:6.5.3.Final]
	at org.hibernate.event.internal.DefaultLoadEventListener.loadWithRegularProxy(DefaultLoadEventListener.java:290) ~[hibernate-core-6.5.3.Final.jar:6.5.3.Final]
	at org.hibernate.event.internal.DefaultLoadEventListener.proxyOrLoad(DefaultLoadEventListener.java:242) ~[hibernate-core-6.5.3.Final.jar:6.5.3.Final]
	at org.hibernate.event.internal.DefaultLoadEventListener.doOnLoad(DefaultLoadEventListener.java:111) ~[hibernate-core-6.5.3.Final.jar:6.5.3.Final]
	at org.hibernate.event.internal.DefaultLoadEventListener.onLoad(DefaultLoadEventListener.java:68) ~[hibernate-core-6.5.3.Final.jar:6.5.3.Final]
	at org.hibernate.event.service.internal.EventListenerGroupImpl.fireEventOnEachListener(EventListenerGroupImpl.java:138) ~[hibernate-core-6.5.3.Final.jar:6.5.3.Final]
	at org.hibernate.internal.SessionImpl.fireLoadNoChecks(SessionImpl.java:1225) ~[hibernate-core-6.5.3.Final.jar:6.5.3.Final]
	at org.hibernate.internal.SessionImpl.internalLoad(SessionImpl.java:1071) ~[hibernate-core-6.5.3.Final.jar:6.5.3.Final]
	at org.hibernate.sql.results.graph.entity.internal.EntitySelectFetchInitializer.initializeInstance(EntitySelectFetchInitializer.java:215) ~[hibernate-core-6.5.3.Final.jar:6.5.3.Final]
	at org.hibernate.sql.results.internal.InitializersList.initializeInstance(InitializersList.java:73) ~[hibernate-core-6.5.3.Final.jar:6.5.3.Final]
	at org.hibernate.sql.results.internal.StandardRowReader.coordinateInitializers(StandardRowReader.java:113) ~[hibernate-core-6.5.3.Final.jar:6.5.3.Final]
	at org.hibernate.sql.results.internal.StandardRowReader.readRow(StandardRowReader.java:87) ~[hibernate-core-6.5.3.Final.jar:6.5.3.Final]
	at org.hibernate.sql.results.spi.ListResultsConsumer.consume(ListResultsConsumer.java:205) ~[hibernate-core-6.5.3.Final.jar:6.5.3.Final]
	at org.hibernate.sql.results.spi.ListResultsConsumer.consume(ListResultsConsumer.java:33) ~[hibernate-core-6.5.3.Final.jar:6.5.3.Final]
	at org.hibernate.sql.exec.internal.JdbcSelectExecutorStandardImpl.doExecuteQuery(JdbcSelectExecutorStandardImpl.java:211) ~[hibernate-core-6.5.3.Final.jar:6.5.3.Final]
	at org.hibernate.sql.exec.internal.JdbcSelectExecutorStandardImpl.executeQuery(JdbcSelectExecutorStandardImpl.java:83) ~[hibernate-core-6.5.3.Final.jar:6.5.3.Final]
	at org.hibernate.sql.exec.spi.JdbcSelectExecutor.list(JdbcSelectExecutor.java:76) ~[hibernate-core-6.5.3.Final.jar:6.5.3.Final]
	at org.hibernate.sql.exec.spi.JdbcSelectExecutor.list(JdbcSelectExecutor.java:65) ~[hibernate-core-6.5.3.Final.jar:6.5.3.Final]
	at org.hibernate.query.sqm.internal.ConcreteSqmSelectQueryPlan.lambda$new$2(ConcreteSqmSelectQueryPlan.java:139) ~[hibernate-core-6.5.3.Final.jar:6.5.3.Final]
	at org.hibernate.query.sqm.internal.ConcreteSqmSelectQueryPlan.withCacheableSqmInterpretation(ConcreteSqmSelectQueryPlan.java:382) ~[hibernate-core-6.5.3.Final.jar:6.5.3.Final]
	at org.hibernate.query.sqm.internal.ConcreteSqmSelectQueryPlan.performList(ConcreteSqmSelectQueryPlan.java:302) ~[hibernate-core-6.5.3.Final.jar:6.5.3.Final]
	at org.hibernate.query.sqm.internal.QuerySqmImpl.doList(QuerySqmImpl.java:526) ~[hibernate-core-6.5.3.Final.jar:6.5.3.Final]
	at org.hibernate.query.spi.AbstractSelectionQuery.list(AbstractSelectionQuery.java:423) ~[hibernate-core-6.5.3.Final.jar:6.5.3.Final]
	at org.hibernate.query.Query.getResultList(Query.java:120) ~[hibernate-core-6.5.3.Final.jar:6.5.3.Final]
	at org.springframework.data.jpa.repository.support.SimpleJpaRepository.findAll(SimpleJpaRepository.java:387) ~[spring-data-jpa-3.3.4.jar:3.3.4]
	at java.base/jdk.internal.reflect.NativeMethodAccessorImpl.invoke0(Native Method) ~[na:na]
	at java.base/jdk.internal.reflect.NativeMethodAccessorImpl.invoke(NativeMethodAccessorImpl.java:77) ~[na:na]
	at java.base/jdk.internal.reflect.DelegatingMethodAccessorImpl.invoke(DelegatingMethodAccessorImpl.java:43) ~[na:na]
	at java.base/java.lang.reflect.Method.invoke(Method.java:569) ~[na:na]
	at org.springframework.aop.support.AopUtils.invokeJoinpointUsingReflection(AopUtils.java:355) ~[spring-aop-6.1.13.jar:6.1.13]
	at org.springframework.data.repository.core.support.RepositoryMethodInvoker$RepositoryFragmentMethodInvoker.lambda$new$0(RepositoryMethodInvoker.java:277) ~[spring-data-commons-3.3.4.jar:3.3.4]
	at org.springframework.data.repository.core.support.RepositoryMethodInvoker.doInvoke(RepositoryMethodInvoker.java:170) ~[spring-data-commons-3.3.4.jar:3.3.4]
	at org.springframework.data.repository.core.support.RepositoryMethodInvoker.invoke(RepositoryMethodInvoker.java:158) ~[spring-data-commons-3.3.4.jar:3.3.4]
	at org.springframework.data.repository.core.support.RepositoryComposition$RepositoryFragments.invoke(RepositoryComposition.java:516) ~[spring-data-commons-3.3.4.jar:3.3.4]
	at org.springframework.data.repository.core.support.RepositoryComposition.invoke(RepositoryComposition.java:285) ~[spring-data-commons-3.3.4.jar:3.3.4]
	at org.springframework.data.repository.core.support.RepositoryFactorySupport$ImplementationMethodExecutionInterceptor.invoke(RepositoryFactorySupport.java:628) ~[spring-data-commons-3.3.4.jar:3.3.4]
	at org.springframework.aop.framework.ReflectiveMethodInvocation.proceed(ReflectiveMethodInvocation.java:184) ~[spring-aop-6.1.13.jar:6.1.13]
	at org.springframework.data.repository.core.support.QueryExecutorMethodInterceptor.doInvoke(QueryExecutorMethodInterceptor.java:173) ~[spring-data-commons-3.3.4.jar:3.3.4]
	at org.springframework.data.repository.core.support.QueryExecutorMethodInterceptor.invoke(QueryExecutorMethodInterceptor.java:148) ~[spring-data-commons-3.3.4.jar:3.3.4]
	at org.springframework.aop.framework.ReflectiveMethodInvocation.proceed(ReflectiveMethodInvocation.java:184) ~[spring-aop-6.1.13.jar:6.1.13]
	at org.springframework.data.projection.DefaultMethodInvokingMethodInterceptor.invoke(DefaultMethodInvokingMethodInterceptor.java:70) ~[spring-data-commons-3.3.4.jar:3.3.4]
	at org.springframework.aop.framework.ReflectiveMethodInvocation.proceed(ReflectiveMethodInvocation.java:184) ~[spring-aop-6.1.13.jar:6.1.13]
	at org.springframework.transaction.interceptor.TransactionAspectSupport.invokeWithinTransaction(TransactionAspectSupport.java:379) ~[spring-tx-6.1.13.jar:6.1.13]
	at org.springframework.transaction.interceptor.TransactionInterceptor.invoke(TransactionInterceptor.java:119) ~[spring-tx-6.1.13.jar:6.1.13]
	at org.springframework.aop.framework.ReflectiveMethodInvocation.proceed(ReflectiveMethodInvocation.java:184) ~[spring-aop-6.1.13.jar:6.1.13]
	at org.springframework.dao.support.PersistenceExceptionTranslationInterceptor.invoke(PersistenceExceptionTranslationInterceptor.java:138) ~[spring-tx-6.1.13.jar:6.1.13]
	... 66 common frames omitted

2024-11-15T08:46:13.026-05:00 ERROR 21912 --- [SysAlmacenFX] [JavaFX Application Thread] p.e.u.s.servicio.ProductoService         : Error al realizar la busqueda

org.springframework.orm.jpa.JpaObjectRetrievalFailureException: Unable to find pe.edu.upeu.sysalmacenfx.modelo.Categoria with id 2
	at org.springframework.orm.jpa.EntityManagerFactoryUtils.convertJpaAccessExceptionIfPossible(EntityManagerFactoryUtils.java:376) ~[spring-orm-6.1.13.jar:6.1.13]
	at org.springframework.orm.jpa.vendor.HibernateJpaDialect.translateExceptionIfPossible(HibernateJpaDialect.java:246) ~[spring-orm-6.1.13.jar:6.1.13]
	at org.springframework.orm.jpa.AbstractEntityManagerFactoryBean.translateExceptionIfPossible(AbstractEntityManagerFactoryBean.java:550) ~[spring-orm-6.1.13.jar:6.1.13]
	at org.springframework.dao.support.ChainedPersistenceExceptionTranslator.translateExceptionIfPossible(ChainedPersistenceExceptionTranslator.java:61) ~[spring-tx-6.1.13.jar:6.1.13]
	at org.springframework.dao.support.DataAccessUtils.translateIfNecessary(DataAccessUtils.java:335) ~[spring-tx-6.1.13.jar:6.1.13]
	at org.springframework.dao.support.PersistenceExceptionTranslationInterceptor.invoke(PersistenceExceptionTranslationInterceptor.java:160) ~[spring-tx-6.1.13.jar:6.1.13]
	at org.springframework.aop.framework.ReflectiveMethodInvocation.proceed(ReflectiveMethodInvocation.java:184) ~[spring-aop-6.1.13.jar:6.1.13]
	at org.springframework.data.jpa.repository.support.CrudMethodMetadataPostProcessor$CrudMethodMetadataPopulatingMethodInterceptor.invoke(CrudMethodMetadataPostProcessor.java:165) ~[spring-data-jpa-3.3.4.jar:3.3.4]
	at org.springframework.aop.framework.ReflectiveMethodInvocation.proceed(ReflectiveMethodInvocation.java:184) ~[spring-aop-6.1.13.jar:6.1.13]
	at org.springframework.aop.interceptor.ExposeInvocationInterceptor.invoke(ExposeInvocationInterceptor.java:97) ~[spring-aop-6.1.13.jar:6.1.13]
	at org.springframework.aop.framework.ReflectiveMethodInvocation.proceed(ReflectiveMethodInvocation.java:184) ~[spring-aop-6.1.13.jar:6.1.13]
	at org.springframework.aop.framework.JdkDynamicAopProxy.invoke(JdkDynamicAopProxy.java:223) ~[spring-aop-6.1.13.jar:6.1.13]
	at jdk.proxy2/jdk.proxy2.$Proxy123.findAll(Unknown Source) ~[na:na]
	at pe.edu.upeu.sysalmacenfx.servicio.ProductoService.listAutoCompletProducto(ProductoService.java:56) ~[classes/:na]
	at pe.edu.upeu.sysalmacenfx.control.Venta_Controller.listarProducto(Venta_Controller.java:105) ~[classes/:na]
	at pe.edu.upeu.sysalmacenfx.control.Venta_Controller.initialize(Venta_Controller.java:86) ~[classes/:na]
	at java.base/jdk.internal.reflect.NativeMethodAccessorImpl.invoke0(Native Method) ~[na:na]
	at java.base/jdk.internal.reflect.NativeMethodAccessorImpl.invoke(NativeMethodAccessorImpl.java:77) ~[na:na]
	at java.base/jdk.internal.reflect.DelegatingMethodAccessorImpl.invoke(DelegatingMethodAccessorImpl.java:43) ~[na:na]
	at java.base/java.lang.reflect.Method.invoke(Method.java:569) ~[na:na]
	at com.sun.javafx.reflect.Trampoline.invoke(MethodUtil.java:76) ~[javafx-base-16-win.jar:na]
	at java.base/jdk.internal.reflect.NativeMethodAccessorImpl.invoke0(Native Method) ~[na:na]
	at java.base/jdk.internal.reflect.NativeMethodAccessorImpl.invoke(NativeMethodAccessorImpl.java:77) ~[na:na]
	at java.base/jdk.internal.reflect.DelegatingMethodAccessorImpl.invoke(DelegatingMethodAccessorImpl.java:43) ~[na:na]
	at java.base/java.lang.reflect.Method.invoke(Method.java:569) ~[na:na]
	at com.sun.javafx.reflect.MethodUtil.invoke(MethodUtil.java:273) ~[javafx-base-16-win.jar:na]
	at com.sun.javafx.fxml.MethodHelper.invoke(MethodHelper.java:83) ~[javafx-fxml-16-win.jar:na]
	at javafx.fxml.FXMLLoader.loadImpl(FXMLLoader.java:2673) ~[javafx-fxml-16-win.jar:na]
	at javafx.fxml.FXMLLoader.loadImpl(FXMLLoader.java:2548) ~[javafx-fxml-16-win.jar:na]
	at javafx.fxml.FXMLLoader.load(FXMLLoader.java:2517) ~[javafx-fxml-16-win.jar:na]
	at pe.edu.upeu.sysalmacenfx.control.GUIMainFX$MenuItemListener.handle(GUIMainFX.java:156) ~[classes/:na]
	at com.sun.javafx.event.CompositeEventHandler.dispatchBubblingEvent(CompositeEventHandler.java:86) ~[javafx-base-16-win.jar:na]
	at com.sun.javafx.event.EventHandlerManager.dispatchBubblingEvent(EventHandlerManager.java:234) ~[javafx-base-16-win.jar:na]
	at com.sun.javafx.event.EventHandlerManager.dispatchBubblingEvent(EventHandlerManager.java:191) ~[javafx-base-16-win.jar:na]
	at com.sun.javafx.event.BasicEventDispatcher.dispatchEvent(BasicEventDispatcher.java:58) ~[javafx-base-16-win.jar:na]
	at com.sun.javafx.event.EventDispatchChainImpl.dispatchEvent(EventDispatchChainImpl.java:114) ~[javafx-base-16-win.jar:na]
	at com.sun.javafx.event.EventUtil.fireEventImpl(EventUtil.java:74) ~[javafx-base-16-win.jar:na]
	at com.sun.javafx.event.EventUtil.fireEvent(EventUtil.java:49) ~[javafx-base-16-win.jar:na]
	at javafx.event.Event.fireEvent(Event.java:198) ~[javafx-base-16-win.jar:na]
	at javafx.scene.control.MenuItem.fire(MenuItem.java:459) ~[javafx-controls-16-win.jar:na]
	at com.sun.javafx.scene.control.ContextMenuContent$MenuItemContainer.doSelect(ContextMenuContent.java:1385) ~[javafx-controls-16-win.jar:na]
	at com.sun.javafx.scene.control.ContextMenuContent$MenuItemContainer.lambda$createChildren$12(ContextMenuContent.java:1338) ~[javafx-controls-16-win.jar:na]
	at com.sun.javafx.event.CompositeEventHandler$NormalEventHandlerRecord.handleBubblingEvent(CompositeEventHandler.java:247) ~[javafx-base-16-win.jar:na]
	at com.sun.javafx.event.CompositeEventHandler.dispatchBubblingEvent(CompositeEventHandler.java:80) ~[javafx-base-16-win.jar:na]
	at com.sun.javafx.event.EventHandlerManager.dispatchBubblingEvent(EventHandlerManager.java:234) ~[javafx-base-16-win.jar:na]
	at com.sun.javafx.event.EventHandlerManager.dispatchBubblingEvent(EventHandlerManager.java:191) ~[javafx-base-16-win.jar:na]
	at com.sun.javafx.event.CompositeEventDispatcher.dispatchBubblingEvent(CompositeEventDispatcher.java:59) ~[javafx-base-16-win.jar:na]
	at com.sun.javafx.event.BasicEventDispatcher.dispatchEvent(BasicEventDispatcher.java:58) ~[javafx-base-16-win.jar:na]
	at com.sun.javafx.event.EventDispatchChainImpl.dispatchEvent(EventDispatchChainImpl.java:114) ~[javafx-base-16-win.jar:na]
	at com.sun.javafx.event.BasicEventDispatcher.dispatchEvent(BasicEventDispatcher.java:56) ~[javafx-base-16-win.jar:na]
	at com.sun.javafx.event.EventDispatchChainImpl.dispatchEvent(EventDispatchChainImpl.java:114) ~[javafx-base-16-win.jar:na]
	at com.sun.javafx.event.BasicEventDispatcher.dispatchEvent(BasicEventDispatcher.java:56) ~[javafx-base-16-win.jar:na]
	at com.sun.javafx.event.EventDispatchChainImpl.dispatchEvent(EventDispatchChainImpl.java:114) ~[javafx-base-16-win.jar:na]
	at com.sun.javafx.event.BasicEventDispatcher.dispatchEvent(BasicEventDispatcher.java:56) ~[javafx-base-16-win.jar:na]
	at com.sun.javafx.event.EventDispatchChainImpl.dispatchEvent(EventDispatchChainImpl.java:114) ~[javafx-base-16-win.jar:na]
	at com.sun.javafx.event.EventUtil.fireEventImpl(EventUtil.java:74) ~[javafx-base-16-win.jar:na]
	at com.sun.javafx.event.EventUtil.fireEvent(EventUtil.java:54) ~[javafx-base-16-win.jar:na]
	at javafx.event.Event.fireEvent(Event.java:198) ~[javafx-base-16-win.jar:na]
	at javafx.scene.Scene$MouseHandler.process(Scene.java:3856) ~[javafx-graphics-16-win.jar:na]
	at javafx.scene.Scene.processMouseEvent(Scene.java:1851) ~[javafx-graphics-16-win.jar:na]
	at javafx.scene.Scene$ScenePeerListener.mouseEvent(Scene.java:2584) ~[javafx-graphics-16-win.jar:na]
	at com.sun.javafx.tk.quantum.GlassViewEventHandler$MouseEventNotification.run(GlassViewEventHandler.java:409) ~[javafx-graphics-16-win.jar:na]
	at com.sun.javafx.tk.quantum.GlassViewEventHandler$MouseEventNotification.run(GlassViewEventHandler.java:299) ~[javafx-graphics-16-win.jar:na]
	at java.base/java.security.AccessController.doPrivileged(AccessController.java:399) ~[na:na]
	at com.sun.javafx.tk.quantum.GlassViewEventHandler.lambda$handleMouseEvent$2(GlassViewEventHandler.java:447) ~[javafx-graphics-16-win.jar:na]
	at com.sun.javafx.tk.quantum.QuantumToolkit.runWithoutRenderLock(QuantumToolkit.java:412) ~[javafx-graphics-16-win.jar:na]
	at com.sun.javafx.tk.quantum.GlassViewEventHandler.handleMouseEvent(GlassViewEventHandler.java:446) ~[javafx-graphics-16-win.jar:na]
	at com.sun.glass.ui.View.handleMouseEvent(View.java:556) ~[javafx-graphics-16-win.jar:na]
	at com.sun.glass.ui.View.notifyMouse(View.java:942) ~[javafx-graphics-16-win.jar:na]
	at com.sun.glass.ui.win.WinApplication._runLoop(Native Method) ~[javafx-graphics-16-win.jar:na]
	at com.sun.glass.ui.win.WinApplication.lambda$runLoop$3(WinApplication.java:174) ~[javafx-graphics-16-win.jar:na]
	at java.base/java.lang.Thread.run(Thread.java:840) ~[na:na]
Caused by: jakarta.persistence.EntityNotFoundException: Unable to find pe.edu.upeu.sysalmacenfx.modelo.Categoria with id 2
	at org.hibernate.jpa.boot.internal.EntityManagerFactoryBuilderImpl$JpaEntityNotFoundDelegate.handleEntityNotFound(EntityManagerFactoryBuilderImpl.java:190) ~[hibernate-core-6.5.3.Final.jar:6.5.3.Final]
	at org.hibernate.event.internal.DefaultLoadEventListener.load(DefaultLoadEventListener.java:212) ~[hibernate-core-6.5.3.Final.jar:6.5.3.Final]
	at org.hibernate.event.internal.DefaultLoadEventListener.loadWithRegularProxy(DefaultLoadEventListener.java:290) ~[hibernate-core-6.5.3.Final.jar:6.5.3.Final]
	at org.hibernate.event.internal.DefaultLoadEventListener.proxyOrLoad(DefaultLoadEventListener.java:242) ~[hibernate-core-6.5.3.Final.jar:6.5.3.Final]
	at org.hibernate.event.internal.DefaultLoadEventListener.doOnLoad(DefaultLoadEventListener.java:111) ~[hibernate-core-6.5.3.Final.jar:6.5.3.Final]
	at org.hibernate.event.internal.DefaultLoadEventListener.onLoad(DefaultLoadEventListener.java:68) ~[hibernate-core-6.5.3.Final.jar:6.5.3.Final]
	at org.hibernate.event.service.internal.EventListenerGroupImpl.fireEventOnEachListener(EventListenerGroupImpl.java:138) ~[hibernate-core-6.5.3.Final.jar:6.5.3.Final]
	at org.hibernate.internal.SessionImpl.fireLoadNoChecks(SessionImpl.java:1225) ~[hibernate-core-6.5.3.Final.jar:6.5.3.Final]
	at org.hibernate.internal.SessionImpl.internalLoad(SessionImpl.java:1071) ~[hibernate-core-6.5.3.Final.jar:6.5.3.Final]
	at org.hibernate.sql.results.graph.entity.internal.EntitySelectFetchInitializer.initializeInstance(EntitySelectFetchInitializer.java:215) ~[hibernate-core-6.5.3.Final.jar:6.5.3.Final]
	at org.hibernate.sql.results.internal.InitializersList.initializeInstance(InitializersList.java:73) ~[hibernate-core-6.5.3.Final.jar:6.5.3.Final]
	at org.hibernate.sql.results.internal.StandardRowReader.coordinateInitializers(StandardRowReader.java:113) ~[hibernate-core-6.5.3.Final.jar:6.5.3.Final]
	at org.hibernate.sql.results.internal.StandardRowReader.readRow(StandardRowReader.java:87) ~[hibernate-core-6.5.3.Final.jar:6.5.3.Final]
	at org.hibernate.sql.results.spi.ListResultsConsumer.consume(ListResultsConsumer.java:205) ~[hibernate-core-6.5.3.Final.jar:6.5.3.Final]
	at org.hibernate.sql.results.spi.ListResultsConsumer.consume(ListResultsConsumer.java:33) ~[hibernate-core-6.5.3.Final.jar:6.5.3.Final]
	at org.hibernate.sql.exec.internal.JdbcSelectExecutorStandardImpl.doExecuteQuery(JdbcSelectExecutorStandardImpl.java:211) ~[hibernate-core-6.5.3.Final.jar:6.5.3.Final]
	at org.hibernate.sql.exec.internal.JdbcSelectExecutorStandardImpl.executeQuery(JdbcSelectExecutorStandardImpl.java:83) ~[hibernate-core-6.5.3.Final.jar:6.5.3.Final]
	at org.hibernate.sql.exec.spi.JdbcSelectExecutor.list(JdbcSelectExecutor.java:76) ~[hibernate-core-6.5.3.Final.jar:6.5.3.Final]
	at org.hibernate.sql.exec.spi.JdbcSelectExecutor.list(JdbcSelectExecutor.java:65) ~[hibernate-core-6.5.3.Final.jar:6.5.3.Final]
	at org.hibernate.query.sqm.internal.ConcreteSqmSelectQueryPlan.lambda$new$2(ConcreteSqmSelectQueryPlan.java:139) ~[hibernate-core-6.5.3.Final.jar:6.5.3.Final]
	at org.hibernate.query.sqm.internal.ConcreteSqmSelectQueryPlan.withCacheableSqmInterpretation(ConcreteSqmSelectQueryPlan.java:382) ~[hibernate-core-6.5.3.Final.jar:6.5.3.Final]
	at org.hibernate.query.sqm.internal.ConcreteSqmSelectQueryPlan.performList(ConcreteSqmSelectQueryPlan.java:302) ~[hibernate-core-6.5.3.Final.jar:6.5.3.Final]
	at org.hibernate.query.sqm.internal.QuerySqmImpl.doList(QuerySqmImpl.java:526) ~[hibernate-core-6.5.3.Final.jar:6.5.3.Final]
	at org.hibernate.query.spi.AbstractSelectionQuery.list(AbstractSelectionQuery.java:423) ~[hibernate-core-6.5.3.Final.jar:6.5.3.Final]
	at org.hibernate.query.Query.getResultList(Query.java:120) ~[hibernate-core-6.5.3.Final.jar:6.5.3.Final]
	at org.springframework.data.jpa.repository.support.SimpleJpaRepository.findAll(SimpleJpaRepository.java:387) ~[spring-data-jpa-3.3.4.jar:3.3.4]
	at java.base/jdk.internal.reflect.NativeMethodAccessorImpl.invoke0(Native Method) ~[na:na]
	at java.base/jdk.internal.reflect.NativeMethodAccessorImpl.invoke(NativeMethodAccessorImpl.java:77) ~[na:na]
	at java.base/jdk.internal.reflect.DelegatingMethodAccessorImpl.invoke(DelegatingMethodAccessorImpl.java:43) ~[na:na]
	at java.base/java.lang.reflect.Method.invoke(Method.java:569) ~[na:na]
	at org.springframework.aop.support.AopUtils.invokeJoinpointUsingReflection(AopUtils.java:355) ~[spring-aop-6.1.13.jar:6.1.13]
	at org.springframework.data.repository.core.support.RepositoryMethodInvoker$RepositoryFragmentMethodInvoker.lambda$new$0(RepositoryMethodInvoker.java:277) ~[spring-data-commons-3.3.4.jar:3.3.4]
	at org.springframework.data.repository.core.support.RepositoryMethodInvoker.doInvoke(RepositoryMethodInvoker.java:170) ~[spring-data-commons-3.3.4.jar:3.3.4]
	at org.springframework.data.repository.core.support.RepositoryMethodInvoker.invoke(RepositoryMethodInvoker.java:158) ~[spring-data-commons-3.3.4.jar:3.3.4]
	at org.springframework.data.repository.core.support.RepositoryComposition$RepositoryFragments.invoke(RepositoryComposition.java:516) ~[spring-data-commons-3.3.4.jar:3.3.4]
	at org.springframework.data.repository.core.support.RepositoryComposition.invoke(RepositoryComposition.java:285) ~[spring-data-commons-3.3.4.jar:3.3.4]
	at org.springframework.data.repository.core.support.RepositoryFactorySupport$ImplementationMethodExecutionInterceptor.invoke(RepositoryFactorySupport.java:628) ~[spring-data-commons-3.3.4.jar:3.3.4]
	at org.springframework.aop.framework.ReflectiveMethodInvocation.proceed(ReflectiveMethodInvocation.java:184) ~[spring-aop-6.1.13.jar:6.1.13]
	at org.springframework.data.repository.core.support.QueryExecutorMethodInterceptor.doInvoke(QueryExecutorMethodInterceptor.java:173) ~[spring-data-commons-3.3.4.jar:3.3.4]
	at org.springframework.data.repository.core.support.QueryExecutorMethodInterceptor.invoke(QueryExecutorMethodInterceptor.java:148) ~[spring-data-commons-3.3.4.jar:3.3.4]
	at org.springframework.aop.framework.ReflectiveMethodInvocation.proceed(ReflectiveMethodInvocation.java:184) ~[spring-aop-6.1.13.jar:6.1.13]
	at org.springframework.data.projection.DefaultMethodInvokingMethodInterceptor.invoke(DefaultMethodInvokingMethodInterceptor.java:70) ~[spring-data-commons-3.3.4.jar:3.3.4]
	at org.springframework.aop.framework.ReflectiveMethodInvocation.proceed(ReflectiveMethodInvocation.java:184) ~[spring-aop-6.1.13.jar:6.1.13]
	at org.springframework.transaction.interceptor.TransactionAspectSupport.invokeWithinTransaction(TransactionAspectSupport.java:379) ~[spring-tx-6.1.13.jar:6.1.13]
	at org.springframework.transaction.interceptor.TransactionInterceptor.invoke(TransactionInterceptor.java:119) ~[spring-tx-6.1.13.jar:6.1.13]
	at org.springframework.aop.framework.ReflectiveMethodInvocation.proceed(ReflectiveMethodInvocation.java:184) ~[spring-aop-6.1.13.jar:6.1.13]
	at org.springframework.dao.support.PersistenceExceptionTranslationInterceptor.invoke(PersistenceExceptionTranslationInterceptor.java:138) ~[spring-tx-6.1.13.jar:6.1.13]
	... 66 common frames omitted

2024-11-15T08:46:14.163-05:00 ERROR 21912 --- [SysAlmacenFX] [JavaFX Application Thread] p.e.u.s.servicio.ProductoService         : Error al realizar la busqueda

org.springframework.orm.jpa.JpaObjectRetrievalFailureException: Unable to find pe.edu.upeu.sysalmacenfx.modelo.Categoria with id 2
	at org.springframework.orm.jpa.EntityManagerFactoryUtils.convertJpaAccessExceptionIfPossible(EntityManagerFactoryUtils.java:376) ~[spring-orm-6.1.13.jar:6.1.13]
	at org.springframework.orm.jpa.vendor.HibernateJpaDialect.translateExceptionIfPossible(HibernateJpaDialect.java:246) ~[spring-orm-6.1.13.jar:6.1.13]
	at org.springframework.orm.jpa.AbstractEntityManagerFactoryBean.translateExceptionIfPossible(AbstractEntityManagerFactoryBean.java:550) ~[spring-orm-6.1.13.jar:6.1.13]
	at org.springframework.dao.support.ChainedPersistenceExceptionTranslator.translateExceptionIfPossible(ChainedPersistenceExceptionTranslator.java:61) ~[spring-tx-6.1.13.jar:6.1.13]
	at org.springframework.dao.support.DataAccessUtils.translateIfNecessary(DataAccessUtils.java:335) ~[spring-tx-6.1.13.jar:6.1.13]
	at org.springframework.dao.support.PersistenceExceptionTranslationInterceptor.invoke(PersistenceExceptionTranslationInterceptor.java:160) ~[spring-tx-6.1.13.jar:6.1.13]
	at org.springframework.aop.framework.ReflectiveMethodInvocation.proceed(ReflectiveMethodInvocation.java:184) ~[spring-aop-6.1.13.jar:6.1.13]
	at org.springframework.data.jpa.repository.support.CrudMethodMetadataPostProcessor$CrudMethodMetadataPopulatingMethodInterceptor.invoke(CrudMethodMetadataPostProcessor.java:165) ~[spring-data-jpa-3.3.4.jar:3.3.4]
	at org.springframework.aop.framework.ReflectiveMethodInvocation.proceed(ReflectiveMethodInvocation.java:184) ~[spring-aop-6.1.13.jar:6.1.13]
	at org.springframework.aop.interceptor.ExposeInvocationInterceptor.invoke(ExposeInvocationInterceptor.java:97) ~[spring-aop-6.1.13.jar:6.1.13]
	at org.springframework.aop.framework.ReflectiveMethodInvocation.proceed(ReflectiveMethodInvocation.java:184) ~[spring-aop-6.1.13.jar:6.1.13]
	at org.springframework.aop.framework.JdkDynamicAopProxy.invoke(JdkDynamicAopProxy.java:223) ~[spring-aop-6.1.13.jar:6.1.13]
	at jdk.proxy2/jdk.proxy2.$Proxy123.findAll(Unknown Source) ~[na:na]
	at pe.edu.upeu.sysalmacenfx.servicio.ProductoService.listAutoCompletProducto(ProductoService.java:56) ~[classes/:na]
	at pe.edu.upeu.sysalmacenfx.control.Venta_Controller.listarProducto(Venta_Controller.java:105) ~[classes/:na]
	at pe.edu.upeu.sysalmacenfx.control.Venta_Controller.initialize(Venta_Controller.java:86) ~[classes/:na]
	at java.base/jdk.internal.reflect.NativeMethodAccessorImpl.invoke0(Native Method) ~[na:na]
	at java.base/jdk.internal.reflect.NativeMethodAccessorImpl.invoke(NativeMethodAccessorImpl.java:77) ~[na:na]
	at java.base/jdk.internal.reflect.DelegatingMethodAccessorImpl.invoke(DelegatingMethodAccessorImpl.java:43) ~[na:na]
	at java.base/java.lang.reflect.Method.invoke(Method.java:569) ~[na:na]
	at com.sun.javafx.reflect.Trampoline.invoke(MethodUtil.java:76) ~[javafx-base-16-win.jar:na]
	at java.base/jdk.internal.reflect.NativeMethodAccessorImpl.invoke0(Native Method) ~[na:na]
	at java.base/jdk.internal.reflect.NativeMethodAccessorImpl.invoke(NativeMethodAccessorImpl.java:77) ~[na:na]
	at java.base/jdk.internal.reflect.DelegatingMethodAccessorImpl.invoke(DelegatingMethodAccessorImpl.java:43) ~[na:na]
	at java.base/java.lang.reflect.Method.invoke(Method.java:569) ~[na:na]
	at com.sun.javafx.reflect.MethodUtil.invoke(MethodUtil.java:273) ~[javafx-base-16-win.jar:na]
	at com.sun.javafx.fxml.MethodHelper.invoke(MethodHelper.java:83) ~[javafx-fxml-16-win.jar:na]
	at javafx.fxml.FXMLLoader.loadImpl(FXMLLoader.java:2673) ~[javafx-fxml-16-win.jar:na]
	at javafx.fxml.FXMLLoader.loadImpl(FXMLLoader.java:2548) ~[javafx-fxml-16-win.jar:na]
	at javafx.fxml.FXMLLoader.load(FXMLLoader.java:2517) ~[javafx-fxml-16-win.jar:na]
	at pe.edu.upeu.sysalmacenfx.control.GUIMainFX$MenuItemListener.handle(GUIMainFX.java:156) ~[classes/:na]
	at com.sun.javafx.event.CompositeEventHandler.dispatchBubblingEvent(CompositeEventHandler.java:86) ~[javafx-base-16-win.jar:na]
	at com.sun.javafx.event.EventHandlerManager.dispatchBubblingEvent(EventHandlerManager.java:234) ~[javafx-base-16-win.jar:na]
	at com.sun.javafx.event.EventHandlerManager.dispatchBubblingEvent(EventHandlerManager.java:191) ~[javafx-base-16-win.jar:na]
	at com.sun.javafx.event.BasicEventDispatcher.dispatchEvent(BasicEventDispatcher.java:58) ~[javafx-base-16-win.jar:na]
	at com.sun.javafx.event.EventDispatchChainImpl.dispatchEvent(EventDispatchChainImpl.java:114) ~[javafx-base-16-win.jar:na]
	at com.sun.javafx.event.EventUtil.fireEventImpl(EventUtil.java:74) ~[javafx-base-16-win.jar:na]
	at com.sun.javafx.event.EventUtil.fireEvent(EventUtil.java:49) ~[javafx-base-16-win.jar:na]
	at javafx.event.Event.fireEvent(Event.java:198) ~[javafx-base-16-win.jar:na]
	at javafx.scene.control.MenuItem.fire(MenuItem.java:459) ~[javafx-controls-16-win.jar:na]
	at com.sun.javafx.scene.control.ContextMenuContent$MenuItemContainer.doSelect(ContextMenuContent.java:1385) ~[javafx-controls-16-win.jar:na]
	at com.sun.javafx.scene.control.ContextMenuContent$MenuItemContainer.lambda$createChildren$12(ContextMenuContent.java:1338) ~[javafx-controls-16-win.jar:na]
	at com.sun.javafx.event.CompositeEventHandler$NormalEventHandlerRecord.handleBubblingEvent(CompositeEventHandler.java:247) ~[javafx-base-16-win.jar:na]
	at com.sun.javafx.event.CompositeEventHandler.dispatchBubblingEvent(CompositeEventHandler.java:80) ~[javafx-base-16-win.jar:na]
	at com.sun.javafx.event.EventHandlerManager.dispatchBubblingEvent(EventHandlerManager.java:234) ~[javafx-base-16-win.jar:na]
	at com.sun.javafx.event.EventHandlerManager.dispatchBubblingEvent(EventHandlerManager.java:191) ~[javafx-base-16-win.jar:na]
	at com.sun.javafx.event.CompositeEventDispatcher.dispatchBubblingEvent(CompositeEventDispatcher.java:59) ~[javafx-base-16-win.jar:na]
	at com.sun.javafx.event.BasicEventDispatcher.dispatchEvent(BasicEventDispatcher.java:58) ~[javafx-base-16-win.jar:na]
	at com.sun.javafx.event.EventDispatchChainImpl.dispatchEvent(EventDispatchChainImpl.java:114) ~[javafx-base-16-win.jar:na]
	at com.sun.javafx.event.BasicEventDispatcher.dispatchEvent(BasicEventDispatcher.java:56) ~[javafx-base-16-win.jar:na]
	at com.sun.javafx.event.EventDispatchChainImpl.dispatchEvent(EventDispatchChainImpl.java:114) ~[javafx-base-16-win.jar:na]
	at com.sun.javafx.event.BasicEventDispatcher.dispatchEvent(BasicEventDispatcher.java:56) ~[javafx-base-16-win.jar:na]
	at com.sun.javafx.event.EventDispatchChainImpl.dispatchEvent(EventDispatchChainImpl.java:114) ~[javafx-base-16-win.jar:na]
	at com.sun.javafx.event.BasicEventDispatcher.dispatchEvent(BasicEventDispatcher.java:56) ~[javafx-base-16-win.jar:na]
	at com.sun.javafx.event.EventDispatchChainImpl.dispatchEvent(EventDispatchChainImpl.java:114) ~[javafx-base-16-win.jar:na]
	at com.sun.javafx.event.EventUtil.fireEventImpl(EventUtil.java:74) ~[javafx-base-16-win.jar:na]
	at com.sun.javafx.event.EventUtil.fireEvent(EventUtil.java:54) ~[javafx-base-16-win.jar:na]
	at javafx.event.Event.fireEvent(Event.java:198) ~[javafx-base-16-win.jar:na]
	at javafx.scene.Scene$MouseHandler.process(Scene.java:3856) ~[javafx-graphics-16-win.jar:na]
	at javafx.scene.Scene.processMouseEvent(Scene.java:1851) ~[javafx-graphics-16-win.jar:na]
	at javafx.scene.Scene$ScenePeerListener.mouseEvent(Scene.java:2584) ~[javafx-graphics-16-win.jar:na]
	at com.sun.javafx.tk.quantum.GlassViewEventHandler$MouseEventNotification.run(GlassViewEventHandler.java:409) ~[javafx-graphics-16-win.jar:na]
	at com.sun.javafx.tk.quantum.GlassViewEventHandler$MouseEventNotification.run(GlassViewEventHandler.java:299) ~[javafx-graphics-16-win.jar:na]
	at java.base/java.security.AccessController.doPrivileged(AccessController.java:399) ~[na:na]
	at com.sun.javafx.tk.quantum.GlassViewEventHandler.lambda$handleMouseEvent$2(GlassViewEventHandler.java:447) ~[javafx-graphics-16-win.jar:na]
	at com.sun.javafx.tk.quantum.QuantumToolkit.runWithoutRenderLock(QuantumToolkit.java:412) ~[javafx-graphics-16-win.jar:na]
	at com.sun.javafx.tk.quantum.GlassViewEventHandler.handleMouseEvent(GlassViewEventHandler.java:446) ~[javafx-graphics-16-win.jar:na]
	at com.sun.glass.ui.View.handleMouseEvent(View.java:556) ~[javafx-graphics-16-win.jar:na]
	at com.sun.glass.ui.View.notifyMouse(View.java:942) ~[javafx-graphics-16-win.jar:na]
	at com.sun.glass.ui.win.WinApplication._runLoop(Native Method) ~[javafx-graphics-16-win.jar:na]
	at com.sun.glass.ui.win.WinApplication.lambda$runLoop$3(WinApplication.java:174) ~[javafx-graphics-16-win.jar:na]
	at java.base/java.lang.Thread.run(Thread.java:840) ~[na:na]
Caused by: jakarta.persistence.EntityNotFoundException: Unable to find pe.edu.upeu.sysalmacenfx.modelo.Categoria with id 2
	at org.hibernate.jpa.boot.internal.EntityManagerFactoryBuilderImpl$JpaEntityNotFoundDelegate.handleEntityNotFound(EntityManagerFactoryBuilderImpl.java:190) ~[hibernate-core-6.5.3.Final.jar:6.5.3.Final]
	at org.hibernate.event.internal.DefaultLoadEventListener.load(DefaultLoadEventListener.java:212) ~[hibernate-core-6.5.3.Final.jar:6.5.3.Final]
	at org.hibernate.event.internal.DefaultLoadEventListener.loadWithRegularProxy(DefaultLoadEventListener.java:290) ~[hibernate-core-6.5.3.Final.jar:6.5.3.Final]
	at org.hibernate.event.internal.DefaultLoadEventListener.proxyOrLoad(DefaultLoadEventListener.java:242) ~[hibernate-core-6.5.3.Final.jar:6.5.3.Final]
	at org.hibernate.event.internal.DefaultLoadEventListener.doOnLoad(DefaultLoadEventListener.java:111) ~[hibernate-core-6.5.3.Final.jar:6.5.3.Final]
	at org.hibernate.event.internal.DefaultLoadEventListener.onLoad(DefaultLoadEventListener.java:68) ~[hibernate-core-6.5.3.Final.jar:6.5.3.Final]
	at org.hibernate.event.service.internal.EventListenerGroupImpl.fireEventOnEachListener(EventListenerGroupImpl.java:138) ~[hibernate-core-6.5.3.Final.jar:6.5.3.Final]
	at org.hibernate.internal.SessionImpl.fireLoadNoChecks(SessionImpl.java:1225) ~[hibernate-core-6.5.3.Final.jar:6.5.3.Final]
	at org.hibernate.internal.SessionImpl.internalLoad(SessionImpl.java:1071) ~[hibernate-core-6.5.3.Final.jar:6.5.3.Final]
	at org.hibernate.sql.results.graph.entity.internal.EntitySelectFetchInitializer.initializeInstance(EntitySelectFetchInitializer.java:215) ~[hibernate-core-6.5.3.Final.jar:6.5.3.Final]
	at org.hibernate.sql.results.internal.InitializersList.initializeInstance(InitializersList.java:73) ~[hibernate-core-6.5.3.Final.jar:6.5.3.Final]
	at org.hibernate.sql.results.internal.StandardRowReader.coordinateInitializers(StandardRowReader.java:113) ~[hibernate-core-6.5.3.Final.jar:6.5.3.Final]
	at org.hibernate.sql.results.internal.StandardRowReader.readRow(StandardRowReader.java:87) ~[hibernate-core-6.5.3.Final.jar:6.5.3.Final]
	at org.hibernate.sql.results.spi.ListResultsConsumer.consume(ListResultsConsumer.java:205) ~[hibernate-core-6.5.3.Final.jar:6.5.3.Final]
	at org.hibernate.sql.results.spi.ListResultsConsumer.consume(ListResultsConsumer.java:33) ~[hibernate-core-6.5.3.Final.jar:6.5.3.Final]
	at org.hibernate.sql.exec.internal.JdbcSelectExecutorStandardImpl.doExecuteQuery(JdbcSelectExecutorStandardImpl.java:211) ~[hibernate-core-6.5.3.Final.jar:6.5.3.Final]
	at org.hibernate.sql.exec.internal.JdbcSelectExecutorStandardImpl.executeQuery(JdbcSelectExecutorStandardImpl.java:83) ~[hibernate-core-6.5.3.Final.jar:6.5.3.Final]
	at org.hibernate.sql.exec.spi.JdbcSelectExecutor.list(JdbcSelectExecutor.java:76) ~[hibernate-core-6.5.3.Final.jar:6.5.3.Final]
	at org.hibernate.sql.exec.spi.JdbcSelectExecutor.list(JdbcSelectExecutor.java:65) ~[hibernate-core-6.5.3.Final.jar:6.5.3.Final]
	at org.hibernate.query.sqm.internal.ConcreteSqmSelectQueryPlan.lambda$new$2(ConcreteSqmSelectQueryPlan.java:139) ~[hibernate-core-6.5.3.Final.jar:6.5.3.Final]
	at org.hibernate.query.sqm.internal.ConcreteSqmSelectQueryPlan.withCacheableSqmInterpretation(ConcreteSqmSelectQueryPlan.java:382) ~[hibernate-core-6.5.3.Final.jar:6.5.3.Final]
	at org.hibernate.query.sqm.internal.ConcreteSqmSelectQueryPlan.performList(ConcreteSqmSelectQueryPlan.java:302) ~[hibernate-core-6.5.3.Final.jar:6.5.3.Final]
	at org.hibernate.query.sqm.internal.QuerySqmImpl.doList(QuerySqmImpl.java:526) ~[hibernate-core-6.5.3.Final.jar:6.5.3.Final]
	at org.hibernate.query.spi.AbstractSelectionQuery.list(AbstractSelectionQuery.java:423) ~[hibernate-core-6.5.3.Final.jar:6.5.3.Final]
	at org.hibernate.query.Query.getResultList(Query.java:120) ~[hibernate-core-6.5.3.Final.jar:6.5.3.Final]
	at org.springframework.data.jpa.repository.support.SimpleJpaRepository.findAll(SimpleJpaRepository.java:387) ~[spring-data-jpa-3.3.4.jar:3.3.4]
	at java.base/jdk.internal.reflect.NativeMethodAccessorImpl.invoke0(Native Method) ~[na:na]
	at java.base/jdk.internal.reflect.NativeMethodAccessorImpl.invoke(NativeMethodAccessorImpl.java:77) ~[na:na]
	at java.base/jdk.internal.reflect.DelegatingMethodAccessorImpl.invoke(DelegatingMethodAccessorImpl.java:43) ~[na:na]
	at java.base/java.lang.reflect.Method.invoke(Method.java:569) ~[na:na]
	at org.springframework.aop.support.AopUtils.invokeJoinpointUsingReflection(AopUtils.java:355) ~[spring-aop-6.1.13.jar:6.1.13]
	at org.springframework.data.repository.core.support.RepositoryMethodInvoker$RepositoryFragmentMethodInvoker.lambda$new$0(RepositoryMethodInvoker.java:277) ~[spring-data-commons-3.3.4.jar:3.3.4]
	at org.springframework.data.repository.core.support.RepositoryMethodInvoker.doInvoke(RepositoryMethodInvoker.java:170) ~[spring-data-commons-3.3.4.jar:3.3.4]
	at org.springframework.data.repository.core.support.RepositoryMethodInvoker.invoke(RepositoryMethodInvoker.java:158) ~[spring-data-commons-3.3.4.jar:3.3.4]
	at org.springframework.data.repository.core.support.RepositoryComposition$RepositoryFragments.invoke(RepositoryComposition.java:516) ~[spring-data-commons-3.3.4.jar:3.3.4]
	at org.springframework.data.repository.core.support.RepositoryComposition.invoke(RepositoryComposition.java:285) ~[spring-data-commons-3.3.4.jar:3.3.4]
	at org.springframework.data.repository.core.support.RepositoryFactorySupport$ImplementationMethodExecutionInterceptor.invoke(RepositoryFactorySupport.java:628) ~[spring-data-commons-3.3.4.jar:3.3.4]
	at org.springframework.aop.framework.ReflectiveMethodInvocation.proceed(ReflectiveMethodInvocation.java:184) ~[spring-aop-6.1.13.jar:6.1.13]
	at org.springframework.data.repository.core.support.QueryExecutorMethodInterceptor.doInvoke(QueryExecutorMethodInterceptor.java:173) ~[spring-data-commons-3.3.4.jar:3.3.4]
	at org.springframework.data.repository.core.support.QueryExecutorMethodInterceptor.invoke(QueryExecutorMethodInterceptor.java:148) ~[spring-data-commons-3.3.4.jar:3.3.4]
	at org.springframework.aop.framework.ReflectiveMethodInvocation.proceed(ReflectiveMethodInvocation.java:184) ~[spring-aop-6.1.13.jar:6.1.13]
	at org.springframework.data.projection.DefaultMethodInvokingMethodInterceptor.invoke(DefaultMethodInvokingMethodInterceptor.java:70) ~[spring-data-commons-3.3.4.jar:3.3.4]
	at org.springframework.aop.framework.ReflectiveMethodInvocation.proceed(ReflectiveMethodInvocation.java:184) ~[spring-aop-6.1.13.jar:6.1.13]
	at org.springframework.transaction.interceptor.TransactionAspectSupport.invokeWithinTransaction(TransactionAspectSupport.java:379) ~[spring-tx-6.1.13.jar:6.1.13]
	at org.springframework.transaction.interceptor.TransactionInterceptor.invoke(TransactionInterceptor.java:119) ~[spring-tx-6.1.13.jar:6.1.13]
	at org.springframework.aop.framework.ReflectiveMethodInvocation.proceed(ReflectiveMethodInvocation.java:184) ~[spring-aop-6.1.13.jar:6.1.13]
	at org.springframework.dao.support.PersistenceExceptionTranslationInterceptor.invoke(PersistenceExceptionTranslationInterceptor.java:138) ~[spring-tx-6.1.13.jar:6.1.13]
	... 66 common frames omitted

2024-11-15T08:46:16.920-05:00 ERROR 21912 --- [SysAlmacenFX] [JavaFX Application Thread] p.e.u.s.servicio.ProductoService         : Error al realizar la busqueda

org.springframework.orm.jpa.JpaObjectRetrievalFailureException: Unable to find pe.edu.upeu.sysalmacenfx.modelo.Categoria with id 2
	at org.springframework.orm.jpa.EntityManagerFactoryUtils.convertJpaAccessExceptionIfPossible(EntityManagerFactoryUtils.java:376) ~[spring-orm-6.1.13.jar:6.1.13]
	at org.springframework.orm.jpa.vendor.HibernateJpaDialect.translateExceptionIfPossible(HibernateJpaDialect.java:246) ~[spring-orm-6.1.13.jar:6.1.13]
	at org.springframework.orm.jpa.AbstractEntityManagerFactoryBean.translateExceptionIfPossible(AbstractEntityManagerFactoryBean.java:550) ~[spring-orm-6.1.13.jar:6.1.13]
	at org.springframework.dao.support.ChainedPersistenceExceptionTranslator.translateExceptionIfPossible(ChainedPersistenceExceptionTranslator.java:61) ~[spring-tx-6.1.13.jar:6.1.13]
	at org.springframework.dao.support.DataAccessUtils.translateIfNecessary(DataAccessUtils.java:335) ~[spring-tx-6.1.13.jar:6.1.13]
	at org.springframework.dao.support.PersistenceExceptionTranslationInterceptor.invoke(PersistenceExceptionTranslationInterceptor.java:160) ~[spring-tx-6.1.13.jar:6.1.13]
	at org.springframework.aop.framework.ReflectiveMethodInvocation.proceed(ReflectiveMethodInvocation.java:184) ~[spring-aop-6.1.13.jar:6.1.13]
	at org.springframework.data.jpa.repository.support.CrudMethodMetadataPostProcessor$CrudMethodMetadataPopulatingMethodInterceptor.invoke(CrudMethodMetadataPostProcessor.java:165) ~[spring-data-jpa-3.3.4.jar:3.3.4]
	at org.springframework.aop.framework.ReflectiveMethodInvocation.proceed(ReflectiveMethodInvocation.java:184) ~[spring-aop-6.1.13.jar:6.1.13]
	at org.springframework.aop.interceptor.ExposeInvocationInterceptor.invoke(ExposeInvocationInterceptor.java:97) ~[spring-aop-6.1.13.jar:6.1.13]
	at org.springframework.aop.framework.ReflectiveMethodInvocation.proceed(ReflectiveMethodInvocation.java:184) ~[spring-aop-6.1.13.jar:6.1.13]
	at org.springframework.aop.framework.JdkDynamicAopProxy.invoke(JdkDynamicAopProxy.java:223) ~[spring-aop-6.1.13.jar:6.1.13]
	at jdk.proxy2/jdk.proxy2.$Proxy123.findAll(Unknown Source) ~[na:na]
	at pe.edu.upeu.sysalmacenfx.servicio.ProductoService.listAutoCompletProducto(ProductoService.java:56) ~[classes/:na]
	at pe.edu.upeu.sysalmacenfx.control.Venta_Controller.listarProducto(Venta_Controller.java:105) ~[classes/:na]
	at pe.edu.upeu.sysalmacenfx.control.Venta_Controller.initialize(Venta_Controller.java:86) ~[classes/:na]
	at java.base/jdk.internal.reflect.NativeMethodAccessorImpl.invoke0(Native Method) ~[na:na]
	at java.base/jdk.internal.reflect.NativeMethodAccessorImpl.invoke(NativeMethodAccessorImpl.java:77) ~[na:na]
	at java.base/jdk.internal.reflect.DelegatingMethodAccessorImpl.invoke(DelegatingMethodAccessorImpl.java:43) ~[na:na]
	at java.base/java.lang.reflect.Method.invoke(Method.java:569) ~[na:na]
	at com.sun.javafx.reflect.Trampoline.invoke(MethodUtil.java:76) ~[javafx-base-16-win.jar:na]
	at java.base/jdk.internal.reflect.NativeMethodAccessorImpl.invoke0(Native Method) ~[na:na]
	at java.base/jdk.internal.reflect.NativeMethodAccessorImpl.invoke(NativeMethodAccessorImpl.java:77) ~[na:na]
	at java.base/jdk.internal.reflect.DelegatingMethodAccessorImpl.invoke(DelegatingMethodAccessorImpl.java:43) ~[na:na]
	at java.base/java.lang.reflect.Method.invoke(Method.java:569) ~[na:na]
	at com.sun.javafx.reflect.MethodUtil.invoke(MethodUtil.java:273) ~[javafx-base-16-win.jar:na]
	at com.sun.javafx.fxml.MethodHelper.invoke(MethodHelper.java:83) ~[javafx-fxml-16-win.jar:na]
	at javafx.fxml.FXMLLoader.loadImpl(FXMLLoader.java:2673) ~[javafx-fxml-16-win.jar:na]
	at javafx.fxml.FXMLLoader.loadImpl(FXMLLoader.java:2548) ~[javafx-fxml-16-win.jar:na]
	at javafx.fxml.FXMLLoader.load(FXMLLoader.java:2517) ~[javafx-fxml-16-win.jar:na]
	at pe.edu.upeu.sysalmacenfx.control.GUIMainFX$MenuItemListener.handle(GUIMainFX.java:156) ~[classes/:na]
	at com.sun.javafx.event.CompositeEventHandler.dispatchBubblingEvent(CompositeEventHandler.java:86) ~[javafx-base-16-win.jar:na]
	at com.sun.javafx.event.EventHandlerManager.dispatchBubblingEvent(EventHandlerManager.java:234) ~[javafx-base-16-win.jar:na]
	at com.sun.javafx.event.EventHandlerManager.dispatchBubblingEvent(EventHandlerManager.java:191) ~[javafx-base-16-win.jar:na]
	at com.sun.javafx.event.BasicEventDispatcher.dispatchEvent(BasicEventDispatcher.java:58) ~[javafx-base-16-win.jar:na]
	at com.sun.javafx.event.EventDispatchChainImpl.dispatchEvent(EventDispatchChainImpl.java:114) ~[javafx-base-16-win.jar:na]
	at com.sun.javafx.event.EventUtil.fireEventImpl(EventUtil.java:74) ~[javafx-base-16-win.jar:na]
	at com.sun.javafx.event.EventUtil.fireEvent(EventUtil.java:49) ~[javafx-base-16-win.jar:na]
	at javafx.event.Event.fireEvent(Event.java:198) ~[javafx-base-16-win.jar:na]
	at javafx.scene.control.MenuItem.fire(MenuItem.java:459) ~[javafx-controls-16-win.jar:na]
	at com.sun.javafx.scene.control.ContextMenuContent$MenuItemContainer.doSelect(ContextMenuContent.java:1385) ~[javafx-controls-16-win.jar:na]
	at com.sun.javafx.scene.control.ContextMenuContent$MenuItemContainer.lambda$createChildren$12(ContextMenuContent.java:1338) ~[javafx-controls-16-win.jar:na]
	at com.sun.javafx.event.CompositeEventHandler$NormalEventHandlerRecord.handleBubblingEvent(CompositeEventHandler.java:247) ~[javafx-base-16-win.jar:na]
	at com.sun.javafx.event.CompositeEventHandler.dispatchBubblingEvent(CompositeEventHandler.java:80) ~[javafx-base-16-win.jar:na]
	at com.sun.javafx.event.EventHandlerManager.dispatchBubblingEvent(EventHandlerManager.java:234) ~[javafx-base-16-win.jar:na]
	at com.sun.javafx.event.EventHandlerManager.dispatchBubblingEvent(EventHandlerManager.java:191) ~[javafx-base-16-win.jar:na]
	at com.sun.javafx.event.CompositeEventDispatcher.dispatchBubblingEvent(CompositeEventDispatcher.java:59) ~[javafx-base-16-win.jar:na]
	at com.sun.javafx.event.BasicEventDispatcher.dispatchEvent(BasicEventDispatcher.java:58) ~[javafx-base-16-win.jar:na]
	at com.sun.javafx.event.EventDispatchChainImpl.dispatchEvent(EventDispatchChainImpl.java:114) ~[javafx-base-16-win.jar:na]
	at com.sun.javafx.event.BasicEventDispatcher.dispatchEvent(BasicEventDispatcher.java:56) ~[javafx-base-16-win.jar:na]
	at com.sun.javafx.event.EventDispatchChainImpl.dispatchEvent(EventDispatchChainImpl.java:114) ~[javafx-base-16-win.jar:na]
	at com.sun.javafx.event.BasicEventDispatcher.dispatchEvent(BasicEventDispatcher.java:56) ~[javafx-base-16-win.jar:na]
	at com.sun.javafx.event.EventDispatchChainImpl.dispatchEvent(EventDispatchChainImpl.java:114) ~[javafx-base-16-win.jar:na]
	at com.sun.javafx.event.BasicEventDispatcher.dispatchEvent(BasicEventDispatcher.java:56) ~[javafx-base-16-win.jar:na]
	at com.sun.javafx.event.EventDispatchChainImpl.dispatchEvent(EventDispatchChainImpl.java:114) ~[javafx-base-16-win.jar:na]
	at com.sun.javafx.event.EventUtil.fireEventImpl(EventUtil.java:74) ~[javafx-base-16-win.jar:na]
	at com.sun.javafx.event.EventUtil.fireEvent(EventUtil.java:54) ~[javafx-base-16-win.jar:na]
	at javafx.event.Event.fireEvent(Event.java:198) ~[javafx-base-16-win.jar:na]
	at javafx.scene.Scene$MouseHandler.process(Scene.java:3856) ~[javafx-graphics-16-win.jar:na]
	at javafx.scene.Scene.processMouseEvent(Scene.java:1851) ~[javafx-graphics-16-win.jar:na]
	at javafx.scene.Scene$ScenePeerListener.mouseEvent(Scene.java:2584) ~[javafx-graphics-16-win.jar:na]
	at com.sun.javafx.tk.quantum.GlassViewEventHandler$MouseEventNotification.run(GlassViewEventHandler.java:409) ~[javafx-graphics-16-win.jar:na]
	at com.sun.javafx.tk.quantum.GlassViewEventHandler$MouseEventNotification.run(GlassViewEventHandler.java:299) ~[javafx-graphics-16-win.jar:na]
	at java.base/java.security.AccessController.doPrivileged(AccessController.java:399) ~[na:na]
	at com.sun.javafx.tk.quantum.GlassViewEventHandler.lambda$handleMouseEvent$2(GlassViewEventHandler.java:447) ~[javafx-graphics-16-win.jar:na]
	at com.sun.javafx.tk.quantum.QuantumToolkit.runWithoutRenderLock(QuantumToolkit.java:412) ~[javafx-graphics-16-win.jar:na]
	at com.sun.javafx.tk.quantum.GlassViewEventHandler.handleMouseEvent(GlassViewEventHandler.java:446) ~[javafx-graphics-16-win.jar:na]
	at com.sun.glass.ui.View.handleMouseEvent(View.java:556) ~[javafx-graphics-16-win.jar:na]
	at com.sun.glass.ui.View.notifyMouse(View.java:942) ~[javafx-graphics-16-win.jar:na]
	at com.sun.glass.ui.win.WinApplication._runLoop(Native Method) ~[javafx-graphics-16-win.jar:na]
	at com.sun.glass.ui.win.WinApplication.lambda$runLoop$3(WinApplication.java:174) ~[javafx-graphics-16-win.jar:na]
	at java.base/java.lang.Thread.run(Thread.java:840) ~[na:na]
Caused by: jakarta.persistence.EntityNotFoundException: Unable to find pe.edu.upeu.sysalmacenfx.modelo.Categoria with id 2
	at org.hibernate.jpa.boot.internal.EntityManagerFactoryBuilderImpl$JpaEntityNotFoundDelegate.handleEntityNotFound(EntityManagerFactoryBuilderImpl.java:190) ~[hibernate-core-6.5.3.Final.jar:6.5.3.Final]
	at org.hibernate.event.internal.DefaultLoadEventListener.load(DefaultLoadEventListener.java:212) ~[hibernate-core-6.5.3.Final.jar:6.5.3.Final]
	at org.hibernate.event.internal.DefaultLoadEventListener.loadWithRegularProxy(DefaultLoadEventListener.java:290) ~[hibernate-core-6.5.3.Final.jar:6.5.3.Final]
	at org.hibernate.event.internal.DefaultLoadEventListener.proxyOrLoad(DefaultLoadEventListener.java:242) ~[hibernate-core-6.5.3.Final.jar:6.5.3.Final]
	at org.hibernate.event.internal.DefaultLoadEventListener.doOnLoad(DefaultLoadEventListener.java:111) ~[hibernate-core-6.5.3.Final.jar:6.5.3.Final]
	at org.hibernate.event.internal.DefaultLoadEventListener.onLoad(DefaultLoadEventListener.java:68) ~[hibernate-core-6.5.3.Final.jar:6.5.3.Final]
	at org.hibernate.event.service.internal.EventListenerGroupImpl.fireEventOnEachListener(EventListenerGroupImpl.java:138) ~[hibernate-core-6.5.3.Final.jar:6.5.3.Final]
	at org.hibernate.internal.SessionImpl.fireLoadNoChecks(SessionImpl.java:1225) ~[hibernate-core-6.5.3.Final.jar:6.5.3.Final]
	at org.hibernate.internal.SessionImpl.internalLoad(SessionImpl.java:1071) ~[hibernate-core-6.5.3.Final.jar:6.5.3.Final]
	at org.hibernate.sql.results.graph.entity.internal.EntitySelectFetchInitializer.initializeInstance(EntitySelectFetchInitializer.java:215) ~[hibernate-core-6.5.3.Final.jar:6.5.3.Final]
	at org.hibernate.sql.results.internal.InitializersList.initializeInstance(InitializersList.java:73) ~[hibernate-core-6.5.3.Final.jar:6.5.3.Final]
	at org.hibernate.sql.results.internal.StandardRowReader.coordinateInitializers(StandardRowReader.java:113) ~[hibernate-core-6.5.3.Final.jar:6.5.3.Final]
	at org.hibernate.sql.results.internal.StandardRowReader.readRow(StandardRowReader.java:87) ~[hibernate-core-6.5.3.Final.jar:6.5.3.Final]
	at org.hibernate.sql.results.spi.ListResultsConsumer.consume(ListResultsConsumer.java:205) ~[hibernate-core-6.5.3.Final.jar:6.5.3.Final]
	at org.hibernate.sql.results.spi.ListResultsConsumer.consume(ListResultsConsumer.java:33) ~[hibernate-core-6.5.3.Final.jar:6.5.3.Final]
	at org.hibernate.sql.exec.internal.JdbcSelectExecutorStandardImpl.doExecuteQuery(JdbcSelectExecutorStandardImpl.java:211) ~[hibernate-core-6.5.3.Final.jar:6.5.3.Final]
	at org.hibernate.sql.exec.internal.JdbcSelectExecutorStandardImpl.executeQuery(JdbcSelectExecutorStandardImpl.java:83) ~[hibernate-core-6.5.3.Final.jar:6.5.3.Final]
	at org.hibernate.sql.exec.spi.JdbcSelectExecutor.list(JdbcSelectExecutor.java:76) ~[hibernate-core-6.5.3.Final.jar:6.5.3.Final]
	at org.hibernate.sql.exec.spi.JdbcSelectExecutor.list(JdbcSelectExecutor.java:65) ~[hibernate-core-6.5.3.Final.jar:6.5.3.Final]
	at org.hibernate.query.sqm.internal.ConcreteSqmSelectQueryPlan.lambda$new$2(ConcreteSqmSelectQueryPlan.java:139) ~[hibernate-core-6.5.3.Final.jar:6.5.3.Final]
	at org.hibernate.query.sqm.internal.ConcreteSqmSelectQueryPlan.withCacheableSqmInterpretation(ConcreteSqmSelectQueryPlan.java:382) ~[hibernate-core-6.5.3.Final.jar:6.5.3.Final]
	at org.hibernate.query.sqm.internal.ConcreteSqmSelectQueryPlan.performList(ConcreteSqmSelectQueryPlan.java:302) ~[hibernate-core-6.5.3.Final.jar:6.5.3.Final]
	at org.hibernate.query.sqm.internal.QuerySqmImpl.doList(QuerySqmImpl.java:526) ~[hibernate-core-6.5.3.Final.jar:6.5.3.Final]
	at org.hibernate.query.spi.AbstractSelectionQuery.list(AbstractSelectionQuery.java:423) ~[hibernate-core-6.5.3.Final.jar:6.5.3.Final]
	at org.hibernate.query.Query.getResultList(Query.java:120) ~[hibernate-core-6.5.3.Final.jar:6.5.3.Final]
	at org.springframework.data.jpa.repository.support.SimpleJpaRepository.findAll(SimpleJpaRepository.java:387) ~[spring-data-jpa-3.3.4.jar:3.3.4]
	at java.base/jdk.internal.reflect.NativeMethodAccessorImpl.invoke0(Native Method) ~[na:na]
	at java.base/jdk.internal.reflect.NativeMethodAccessorImpl.invoke(NativeMethodAccessorImpl.java:77) ~[na:na]
	at java.base/jdk.internal.reflect.DelegatingMethodAccessorImpl.invoke(DelegatingMethodAccessorImpl.java:43) ~[na:na]
	at java.base/java.lang.reflect.Method.invoke(Method.java:569) ~[na:na]
	at org.springframework.aop.support.AopUtils.invokeJoinpointUsingReflection(AopUtils.java:355) ~[spring-aop-6.1.13.jar:6.1.13]
	at org.springframework.data.repository.core.support.RepositoryMethodInvoker$RepositoryFragmentMethodInvoker.lambda$new$0(RepositoryMethodInvoker.java:277) ~[spring-data-commons-3.3.4.jar:3.3.4]
	at org.springframework.data.repository.core.support.RepositoryMethodInvoker.doInvoke(RepositoryMethodInvoker.java:170) ~[spring-data-commons-3.3.4.jar:3.3.4]
	at org.springframework.data.repository.core.support.RepositoryMethodInvoker.invoke(RepositoryMethodInvoker.java:158) ~[spring-data-commons-3.3.4.jar:3.3.4]
	at org.springframework.data.repository.core.support.RepositoryComposition$RepositoryFragments.invoke(RepositoryComposition.java:516) ~[spring-data-commons-3.3.4.jar:3.3.4]
	at org.springframework.data.repository.core.support.RepositoryComposition.invoke(RepositoryComposition.java:285) ~[spring-data-commons-3.3.4.jar:3.3.4]
	at org.springframework.data.repository.core.support.RepositoryFactorySupport$ImplementationMethodExecutionInterceptor.invoke(RepositoryFactorySupport.java:628) ~[spring-data-commons-3.3.4.jar:3.3.4]
	at org.springframework.aop.framework.ReflectiveMethodInvocation.proceed(ReflectiveMethodInvocation.java:184) ~[spring-aop-6.1.13.jar:6.1.13]
	at org.springframework.data.repository.core.support.QueryExecutorMethodInterceptor.doInvoke(QueryExecutorMethodInterceptor.java:173) ~[spring-data-commons-3.3.4.jar:3.3.4]
	at org.springframework.data.repository.core.support.QueryExecutorMethodInterceptor.invoke(QueryExecutorMethodInterceptor.java:148) ~[spring-data-commons-3.3.4.jar:3.3.4]
	at org.springframework.aop.framework.ReflectiveMethodInvocation.proceed(ReflectiveMethodInvocation.java:184) ~[spring-aop-6.1.13.jar:6.1.13]
	at org.springframework.data.projection.DefaultMethodInvokingMethodInterceptor.invoke(DefaultMethodInvokingMethodInterceptor.java:70) ~[spring-data-commons-3.3.4.jar:3.3.4]
	at org.springframework.aop.framework.ReflectiveMethodInvocation.proceed(ReflectiveMethodInvocation.java:184) ~[spring-aop-6.1.13.jar:6.1.13]
	at org.springframework.transaction.interceptor.TransactionAspectSupport.invokeWithinTransaction(TransactionAspectSupport.java:379) ~[spring-tx-6.1.13.jar:6.1.13]
	at org.springframework.transaction.interceptor.TransactionInterceptor.invoke(TransactionInterceptor.java:119) ~[spring-tx-6.1.13.jar:6.1.13]
	at org.springframework.aop.framework.ReflectiveMethodInvocation.proceed(ReflectiveMethodInvocation.java:184) ~[spring-aop-6.1.13.jar:6.1.13]
	at org.springframework.dao.support.PersistenceExceptionTranslationInterceptor.invoke(PersistenceExceptionTranslationInterceptor.java:138) ~[spring-tx-6.1.13.jar:6.1.13]
	... 66 common frames omitted

2024-11-15T08:47:18.231-05:00  INFO 21912 --- [SysAlmacenFX] [SpringApplicationShutdownHook] j.LocalContainerEntityManagerFactoryBean : Closing JPA EntityManagerFactory for persistence unit 'default'
2024-11-15T08:47:18.236-05:00  INFO 21912 --- [SysAlmacenFX] [SpringApplicationShutdownHook] com.zaxxer.hikari.HikariDataSource       : HikariPool-1 - Shutdown initiated...
2024-11-15T08:47:18.241-05:00  INFO 21912 --- [SysAlmacenFX] [SpringApplicationShutdownHook] com.zaxxer.hikari.HikariDataSource       : HikariPool-1 - Shutdown completed.
2024-11-15T08:47:25.433-05:00  INFO 8532 --- [SysAlmacenFX] [JavaFX-Launcher] o.s.boot.SpringApplication               : Starting application using Java 17.0.13 with PID 8532 (started by User in D:\erick avances\MijaelAvancesPOO\SysAlmacenFX)
2024-11-15T08:47:25.438-05:00  INFO 8532 --- [SysAlmacenFX] [JavaFX-Launcher] o.s.boot.SpringApplication               : No active profile set, falling back to 1 default profile: "default"
2024-11-15T08:47:26.373-05:00  INFO 8532 --- [SysAlmacenFX] [JavaFX-Launcher] .s.d.r.c.RepositoryConfigurationDelegate : Bootstrapping Spring Data JPA repositories in DEFAULT mode.
2024-11-15T08:47:26.512-05:00  INFO 8532 --- [SysAlmacenFX] [JavaFX-Launcher] .s.d.r.c.RepositoryConfigurationDelegate : Finished Spring Data repository scanning in 126 ms. Found 15 JPA repository interfaces.
2024-11-15T08:47:27.111-05:00  INFO 8532 --- [SysAlmacenFX] [JavaFX-Launcher] o.hibernate.jpa.internal.util.LogHelper  : HHH000204: Processing PersistenceUnitInfo [name: default]
2024-11-15T08:47:27.186-05:00  INFO 8532 --- [SysAlmacenFX] [JavaFX-Launcher] org.hibernate.Version                    : HHH000412: Hibernate ORM core version 6.5.3.Final
2024-11-15T08:47:27.226-05:00  INFO 8532 --- [SysAlmacenFX] [JavaFX-Launcher] o.h.c.internal.RegionFactoryInitiator    : HHH000026: Second-level cache disabled
2024-11-15T08:47:27.613-05:00  INFO 8532 --- [SysAlmacenFX] [JavaFX-Launcher] o.s.o.j.p.SpringPersistenceUnitInfo      : No LoadTimeWeaver setup: ignoring JPA class transformer
2024-11-15T08:47:27.653-05:00  INFO 8532 --- [SysAlmacenFX] [JavaFX-Launcher] com.zaxxer.hikari.HikariDataSource       : HikariPool-1 - Starting...
2024-11-15T08:47:27.806-05:00  INFO 8532 --- [SysAlmacenFX] [JavaFX-Launcher] com.zaxxer.hikari.pool.HikariPool        : HikariPool-1 - Added connection org.sqlite.jdbc4.JDBC4Connection@7fbf1fac
2024-11-15T08:47:27.814-05:00  INFO 8532 --- [SysAlmacenFX] [JavaFX-Launcher] com.zaxxer.hikari.HikariDataSource       : HikariPool-1 - Start completed.
2024-11-15T08:47:29.607-05:00  INFO 8532 --- [SysAlmacenFX] [JavaFX-Launcher] o.h.e.t.j.p.i.JtaPlatformInitiator       : HHH000489: No JTA platform available (set 'hibernate.transaction.jta.platform' to enable JTA platform integration)
2024-11-15T08:47:29.650-05:00  INFO 8532 --- [SysAlmacenFX] [JavaFX-Launcher] j.LocalContainerEntityManagerFactoryBean : Initialized JPA EntityManagerFactory for persistence unit 'default'
2024-11-15T08:47:29.989-05:00  INFO 8532 --- [SysAlmacenFX] [JavaFX-Launcher] o.s.d.j.r.query.QueryEnhancerFactory     : Hibernate is in classpath; If applicable, HQL parser will be used.
2024-11-15T08:47:30.479-05:00  INFO 8532 --- [SysAlmacenFX] [JavaFX-Launcher] o.s.boot.SpringApplication               : Started application in 5.877 seconds (process running for 6.868)
2024-11-15T08:47:30.583-05:00  WARN 8532 --- [SysAlmacenFX] [JavaFX-Launcher] javafx                                   : Loading FXML document with JavaFX API of version 22 by JavaFX runtime of version 16
2024-11-15T08:47:40.386-05:00  WARN 8532 --- [SysAlmacenFX] [JavaFX Application Thread] javafx                                   : Loading FXML document with JavaFX API of version 22 by JavaFX runtime of version 16
2024-11-15T08:47:45.938-05:00 ERROR 8532 --- [SysAlmacenFX] [JavaFX Application Thread] p.e.u.s.servicio.ProductoService         : Error al realizar la busqueda

org.springframework.orm.jpa.JpaObjectRetrievalFailureException: Unable to find pe.edu.upeu.sysalmacenfx.modelo.Categoria with id 2
	at org.springframework.orm.jpa.EntityManagerFactoryUtils.convertJpaAccessExceptionIfPossible(EntityManagerFactoryUtils.java:376) ~[spring-orm-6.1.13.jar:6.1.13]
	at org.springframework.orm.jpa.vendor.HibernateJpaDialect.translateExceptionIfPossible(HibernateJpaDialect.java:246) ~[spring-orm-6.1.13.jar:6.1.13]
	at org.springframework.orm.jpa.AbstractEntityManagerFactoryBean.translateExceptionIfPossible(AbstractEntityManagerFactoryBean.java:550) ~[spring-orm-6.1.13.jar:6.1.13]
	at org.springframework.dao.support.ChainedPersistenceExceptionTranslator.translateExceptionIfPossible(ChainedPersistenceExceptionTranslator.java:61) ~[spring-tx-6.1.13.jar:6.1.13]
	at org.springframework.dao.support.DataAccessUtils.translateIfNecessary(DataAccessUtils.java:335) ~[spring-tx-6.1.13.jar:6.1.13]
	at org.springframework.dao.support.PersistenceExceptionTranslationInterceptor.invoke(PersistenceExceptionTranslationInterceptor.java:160) ~[spring-tx-6.1.13.jar:6.1.13]
	at org.springframework.aop.framework.ReflectiveMethodInvocation.proceed(ReflectiveMethodInvocation.java:184) ~[spring-aop-6.1.13.jar:6.1.13]
	at org.springframework.data.jpa.repository.support.CrudMethodMetadataPostProcessor$CrudMethodMetadataPopulatingMethodInterceptor.invoke(CrudMethodMetadataPostProcessor.java:165) ~[spring-data-jpa-3.3.4.jar:3.3.4]
	at org.springframework.aop.framework.ReflectiveMethodInvocation.proceed(ReflectiveMethodInvocation.java:184) ~[spring-aop-6.1.13.jar:6.1.13]
	at org.springframework.aop.interceptor.ExposeInvocationInterceptor.invoke(ExposeInvocationInterceptor.java:97) ~[spring-aop-6.1.13.jar:6.1.13]
	at org.springframework.aop.framework.ReflectiveMethodInvocation.proceed(ReflectiveMethodInvocation.java:184) ~[spring-aop-6.1.13.jar:6.1.13]
	at org.springframework.aop.framework.JdkDynamicAopProxy.invoke(JdkDynamicAopProxy.java:223) ~[spring-aop-6.1.13.jar:6.1.13]
	at jdk.proxy2/jdk.proxy2.$Proxy123.findAll(Unknown Source) ~[na:na]
	at pe.edu.upeu.sysalmacenfx.servicio.ProductoService.listAutoCompletProducto(ProductoService.java:56) ~[classes/:na]
	at pe.edu.upeu.sysalmacenfx.control.Venta_Controller.listarProducto(Venta_Controller.java:106) ~[classes/:na]
	at pe.edu.upeu.sysalmacenfx.control.Venta_Controller.initialize(Venta_Controller.java:86) ~[classes/:na]
	at java.base/jdk.internal.reflect.NativeMethodAccessorImpl.invoke0(Native Method) ~[na:na]
	at java.base/jdk.internal.reflect.NativeMethodAccessorImpl.invoke(NativeMethodAccessorImpl.java:77) ~[na:na]
	at java.base/jdk.internal.reflect.DelegatingMethodAccessorImpl.invoke(DelegatingMethodAccessorImpl.java:43) ~[na:na]
	at java.base/java.lang.reflect.Method.invoke(Method.java:569) ~[na:na]
	at com.sun.javafx.reflect.Trampoline.invoke(MethodUtil.java:76) ~[javafx-base-16-win.jar:na]
	at java.base/jdk.internal.reflect.NativeMethodAccessorImpl.invoke0(Native Method) ~[na:na]
	at java.base/jdk.internal.reflect.NativeMethodAccessorImpl.invoke(NativeMethodAccessorImpl.java:77) ~[na:na]
	at java.base/jdk.internal.reflect.DelegatingMethodAccessorImpl.invoke(DelegatingMethodAccessorImpl.java:43) ~[na:na]
	at java.base/java.lang.reflect.Method.invoke(Method.java:569) ~[na:na]
	at com.sun.javafx.reflect.MethodUtil.invoke(MethodUtil.java:273) ~[javafx-base-16-win.jar:na]
	at com.sun.javafx.fxml.MethodHelper.invoke(MethodHelper.java:83) ~[javafx-fxml-16-win.jar:na]
	at javafx.fxml.FXMLLoader.loadImpl(FXMLLoader.java:2673) ~[javafx-fxml-16-win.jar:na]
	at javafx.fxml.FXMLLoader.loadImpl(FXMLLoader.java:2548) ~[javafx-fxml-16-win.jar:na]
	at javafx.fxml.FXMLLoader.load(FXMLLoader.java:2517) ~[javafx-fxml-16-win.jar:na]
	at pe.edu.upeu.sysalmacenfx.control.GUIMainFX$MenuItemListener.handle(GUIMainFX.java:156) ~[classes/:na]
	at com.sun.javafx.event.CompositeEventHandler.dispatchBubblingEvent(CompositeEventHandler.java:86) ~[javafx-base-16-win.jar:na]
	at com.sun.javafx.event.EventHandlerManager.dispatchBubblingEvent(EventHandlerManager.java:234) ~[javafx-base-16-win.jar:na]
	at com.sun.javafx.event.EventHandlerManager.dispatchBubblingEvent(EventHandlerManager.java:191) ~[javafx-base-16-win.jar:na]
	at com.sun.javafx.event.BasicEventDispatcher.dispatchEvent(BasicEventDispatcher.java:58) ~[javafx-base-16-win.jar:na]
	at com.sun.javafx.event.EventDispatchChainImpl.dispatchEvent(EventDispatchChainImpl.java:114) ~[javafx-base-16-win.jar:na]
	at com.sun.javafx.event.EventUtil.fireEventImpl(EventUtil.java:74) ~[javafx-base-16-win.jar:na]
	at com.sun.javafx.event.EventUtil.fireEvent(EventUtil.java:49) ~[javafx-base-16-win.jar:na]
	at javafx.event.Event.fireEvent(Event.java:198) ~[javafx-base-16-win.jar:na]
	at javafx.scene.control.MenuItem.fire(MenuItem.java:459) ~[javafx-controls-16-win.jar:na]
	at com.sun.javafx.scene.control.ContextMenuContent$MenuItemContainer.doSelect(ContextMenuContent.java:1385) ~[javafx-controls-16-win.jar:na]
	at com.sun.javafx.scene.control.ContextMenuContent$MenuItemContainer.lambda$createChildren$12(ContextMenuContent.java:1338) ~[javafx-controls-16-win.jar:na]
	at com.sun.javafx.event.CompositeEventHandler$NormalEventHandlerRecord.handleBubblingEvent(CompositeEventHandler.java:247) ~[javafx-base-16-win.jar:na]
	at com.sun.javafx.event.CompositeEventHandler.dispatchBubblingEvent(CompositeEventHandler.java:80) ~[javafx-base-16-win.jar:na]
	at com.sun.javafx.event.EventHandlerManager.dispatchBubblingEvent(EventHandlerManager.java:234) ~[javafx-base-16-win.jar:na]
	at com.sun.javafx.event.EventHandlerManager.dispatchBubblingEvent(EventHandlerManager.java:191) ~[javafx-base-16-win.jar:na]
	at com.sun.javafx.event.CompositeEventDispatcher.dispatchBubblingEvent(CompositeEventDispatcher.java:59) ~[javafx-base-16-win.jar:na]
	at com.sun.javafx.event.BasicEventDispatcher.dispatchEvent(BasicEventDispatcher.java:58) ~[javafx-base-16-win.jar:na]
	at com.sun.javafx.event.EventDispatchChainImpl.dispatchEvent(EventDispatchChainImpl.java:114) ~[javafx-base-16-win.jar:na]
	at com.sun.javafx.event.BasicEventDispatcher.dispatchEvent(BasicEventDispatcher.java:56) ~[javafx-base-16-win.jar:na]
	at com.sun.javafx.event.EventDispatchChainImpl.dispatchEvent(EventDispatchChainImpl.java:114) ~[javafx-base-16-win.jar:na]
	at com.sun.javafx.event.BasicEventDispatcher.dispatchEvent(BasicEventDispatcher.java:56) ~[javafx-base-16-win.jar:na]
	at com.sun.javafx.event.EventDispatchChainImpl.dispatchEvent(EventDispatchChainImpl.java:114) ~[javafx-base-16-win.jar:na]
	at com.sun.javafx.event.BasicEventDispatcher.dispatchEvent(BasicEventDispatcher.java:56) ~[javafx-base-16-win.jar:na]
	at com.sun.javafx.event.EventDispatchChainImpl.dispatchEvent(EventDispatchChainImpl.java:114) ~[javafx-base-16-win.jar:na]
	at com.sun.javafx.event.EventUtil.fireEventImpl(EventUtil.java:74) ~[javafx-base-16-win.jar:na]
	at com.sun.javafx.event.EventUtil.fireEvent(EventUtil.java:54) ~[javafx-base-16-win.jar:na]
	at javafx.event.Event.fireEvent(Event.java:198) ~[javafx-base-16-win.jar:na]
	at javafx.scene.Scene$MouseHandler.process(Scene.java:3856) ~[javafx-graphics-16-win.jar:na]
	at javafx.scene.Scene.processMouseEvent(Scene.java:1851) ~[javafx-graphics-16-win.jar:na]
	at javafx.scene.Scene$ScenePeerListener.mouseEvent(Scene.java:2584) ~[javafx-graphics-16-win.jar:na]
	at com.sun.javafx.tk.quantum.GlassViewEventHandler$MouseEventNotification.run(GlassViewEventHandler.java:409) ~[javafx-graphics-16-win.jar:na]
	at com.sun.javafx.tk.quantum.GlassViewEventHandler$MouseEventNotification.run(GlassViewEventHandler.java:299) ~[javafx-graphics-16-win.jar:na]
	at java.base/java.security.AccessController.doPrivileged(AccessController.java:399) ~[na:na]
	at com.sun.javafx.tk.quantum.GlassViewEventHandler.lambda$handleMouseEvent$2(GlassViewEventHandler.java:447) ~[javafx-graphics-16-win.jar:na]
	at com.sun.javafx.tk.quantum.QuantumToolkit.runWithoutRenderLock(QuantumToolkit.java:412) ~[javafx-graphics-16-win.jar:na]
	at com.sun.javafx.tk.quantum.GlassViewEventHandler.handleMouseEvent(GlassViewEventHandler.java:446) ~[javafx-graphics-16-win.jar:na]
	at com.sun.glass.ui.View.handleMouseEvent(View.java:556) ~[javafx-graphics-16-win.jar:na]
	at com.sun.glass.ui.View.notifyMouse(View.java:942) ~[javafx-graphics-16-win.jar:na]
	at com.sun.glass.ui.win.WinApplication._runLoop(Native Method) ~[javafx-graphics-16-win.jar:na]
	at com.sun.glass.ui.win.WinApplication.lambda$runLoop$3(WinApplication.java:174) ~[javafx-graphics-16-win.jar:na]
	at java.base/java.lang.Thread.run(Thread.java:840) ~[na:na]
Caused by: jakarta.persistence.EntityNotFoundException: Unable to find pe.edu.upeu.sysalmacenfx.modelo.Categoria with id 2
	at org.hibernate.jpa.boot.internal.EntityManagerFactoryBuilderImpl$JpaEntityNotFoundDelegate.handleEntityNotFound(EntityManagerFactoryBuilderImpl.java:190) ~[hibernate-core-6.5.3.Final.jar:6.5.3.Final]
	at org.hibernate.event.internal.DefaultLoadEventListener.load(DefaultLoadEventListener.java:212) ~[hibernate-core-6.5.3.Final.jar:6.5.3.Final]
	at org.hibernate.event.internal.DefaultLoadEventListener.loadWithRegularProxy(DefaultLoadEventListener.java:290) ~[hibernate-core-6.5.3.Final.jar:6.5.3.Final]
	at org.hibernate.event.internal.DefaultLoadEventListener.proxyOrLoad(DefaultLoadEventListener.java:242) ~[hibernate-core-6.5.3.Final.jar:6.5.3.Final]
	at org.hibernate.event.internal.DefaultLoadEventListener.doOnLoad(DefaultLoadEventListener.java:111) ~[hibernate-core-6.5.3.Final.jar:6.5.3.Final]
	at org.hibernate.event.internal.DefaultLoadEventListener.onLoad(DefaultLoadEventListener.java:68) ~[hibernate-core-6.5.3.Final.jar:6.5.3.Final]
	at org.hibernate.event.service.internal.EventListenerGroupImpl.fireEventOnEachListener(EventListenerGroupImpl.java:138) ~[hibernate-core-6.5.3.Final.jar:6.5.3.Final]
	at org.hibernate.internal.SessionImpl.fireLoadNoChecks(SessionImpl.java:1225) ~[hibernate-core-6.5.3.Final.jar:6.5.3.Final]
	at org.hibernate.internal.SessionImpl.internalLoad(SessionImpl.java:1071) ~[hibernate-core-6.5.3.Final.jar:6.5.3.Final]
	at org.hibernate.sql.results.graph.entity.internal.EntitySelectFetchInitializer.initializeInstance(EntitySelectFetchInitializer.java:215) ~[hibernate-core-6.5.3.Final.jar:6.5.3.Final]
	at org.hibernate.sql.results.internal.InitializersList.initializeInstance(InitializersList.java:73) ~[hibernate-core-6.5.3.Final.jar:6.5.3.Final]
	at org.hibernate.sql.results.internal.StandardRowReader.coordinateInitializers(StandardRowReader.java:113) ~[hibernate-core-6.5.3.Final.jar:6.5.3.Final]
	at org.hibernate.sql.results.internal.StandardRowReader.readRow(StandardRowReader.java:87) ~[hibernate-core-6.5.3.Final.jar:6.5.3.Final]
	at org.hibernate.sql.results.spi.ListResultsConsumer.consume(ListResultsConsumer.java:205) ~[hibernate-core-6.5.3.Final.jar:6.5.3.Final]
	at org.hibernate.sql.results.spi.ListResultsConsumer.consume(ListResultsConsumer.java:33) ~[hibernate-core-6.5.3.Final.jar:6.5.3.Final]
	at org.hibernate.sql.exec.internal.JdbcSelectExecutorStandardImpl.doExecuteQuery(JdbcSelectExecutorStandardImpl.java:211) ~[hibernate-core-6.5.3.Final.jar:6.5.3.Final]
	at org.hibernate.sql.exec.internal.JdbcSelectExecutorStandardImpl.executeQuery(JdbcSelectExecutorStandardImpl.java:83) ~[hibernate-core-6.5.3.Final.jar:6.5.3.Final]
	at org.hibernate.sql.exec.spi.JdbcSelectExecutor.list(JdbcSelectExecutor.java:76) ~[hibernate-core-6.5.3.Final.jar:6.5.3.Final]
	at org.hibernate.sql.exec.spi.JdbcSelectExecutor.list(JdbcSelectExecutor.java:65) ~[hibernate-core-6.5.3.Final.jar:6.5.3.Final]
	at org.hibernate.query.sqm.internal.ConcreteSqmSelectQueryPlan.lambda$new$2(ConcreteSqmSelectQueryPlan.java:139) ~[hibernate-core-6.5.3.Final.jar:6.5.3.Final]
	at org.hibernate.query.sqm.internal.ConcreteSqmSelectQueryPlan.withCacheableSqmInterpretation(ConcreteSqmSelectQueryPlan.java:382) ~[hibernate-core-6.5.3.Final.jar:6.5.3.Final]
	at org.hibernate.query.sqm.internal.ConcreteSqmSelectQueryPlan.performList(ConcreteSqmSelectQueryPlan.java:302) ~[hibernate-core-6.5.3.Final.jar:6.5.3.Final]
	at org.hibernate.query.sqm.internal.QuerySqmImpl.doList(QuerySqmImpl.java:526) ~[hibernate-core-6.5.3.Final.jar:6.5.3.Final]
	at org.hibernate.query.spi.AbstractSelectionQuery.list(AbstractSelectionQuery.java:423) ~[hibernate-core-6.5.3.Final.jar:6.5.3.Final]
	at org.hibernate.query.Query.getResultList(Query.java:120) ~[hibernate-core-6.5.3.Final.jar:6.5.3.Final]
	at org.springframework.data.jpa.repository.support.SimpleJpaRepository.findAll(SimpleJpaRepository.java:387) ~[spring-data-jpa-3.3.4.jar:3.3.4]
	at java.base/jdk.internal.reflect.NativeMethodAccessorImpl.invoke0(Native Method) ~[na:na]
	at java.base/jdk.internal.reflect.NativeMethodAccessorImpl.invoke(NativeMethodAccessorImpl.java:77) ~[na:na]
	at java.base/jdk.internal.reflect.DelegatingMethodAccessorImpl.invoke(DelegatingMethodAccessorImpl.java:43) ~[na:na]
	at java.base/java.lang.reflect.Method.invoke(Method.java:569) ~[na:na]
	at org.springframework.aop.support.AopUtils.invokeJoinpointUsingReflection(AopUtils.java:355) ~[spring-aop-6.1.13.jar:6.1.13]
	at org.springframework.data.repository.core.support.RepositoryMethodInvoker$RepositoryFragmentMethodInvoker.lambda$new$0(RepositoryMethodInvoker.java:277) ~[spring-data-commons-3.3.4.jar:3.3.4]
	at org.springframework.data.repository.core.support.RepositoryMethodInvoker.doInvoke(RepositoryMethodInvoker.java:170) ~[spring-data-commons-3.3.4.jar:3.3.4]
	at org.springframework.data.repository.core.support.RepositoryMethodInvoker.invoke(RepositoryMethodInvoker.java:158) ~[spring-data-commons-3.3.4.jar:3.3.4]
	at org.springframework.data.repository.core.support.RepositoryComposition$RepositoryFragments.invoke(RepositoryComposition.java:516) ~[spring-data-commons-3.3.4.jar:3.3.4]
	at org.springframework.data.repository.core.support.RepositoryComposition.invoke(RepositoryComposition.java:285) ~[spring-data-commons-3.3.4.jar:3.3.4]
	at org.springframework.data.repository.core.support.RepositoryFactorySupport$ImplementationMethodExecutionInterceptor.invoke(RepositoryFactorySupport.java:628) ~[spring-data-commons-3.3.4.jar:3.3.4]
	at org.springframework.aop.framework.ReflectiveMethodInvocation.proceed(ReflectiveMethodInvocation.java:184) ~[spring-aop-6.1.13.jar:6.1.13]
	at org.springframework.data.repository.core.support.QueryExecutorMethodInterceptor.doInvoke(QueryExecutorMethodInterceptor.java:173) ~[spring-data-commons-3.3.4.jar:3.3.4]
	at org.springframework.data.repository.core.support.QueryExecutorMethodInterceptor.invoke(QueryExecutorMethodInterceptor.java:148) ~[spring-data-commons-3.3.4.jar:3.3.4]
	at org.springframework.aop.framework.ReflectiveMethodInvocation.proceed(ReflectiveMethodInvocation.java:184) ~[spring-aop-6.1.13.jar:6.1.13]
	at org.springframework.data.projection.DefaultMethodInvokingMethodInterceptor.invoke(DefaultMethodInvokingMethodInterceptor.java:70) ~[spring-data-commons-3.3.4.jar:3.3.4]
	at org.springframework.aop.framework.ReflectiveMethodInvocation.proceed(ReflectiveMethodInvocation.java:184) ~[spring-aop-6.1.13.jar:6.1.13]
	at org.springframework.transaction.interceptor.TransactionAspectSupport.invokeWithinTransaction(TransactionAspectSupport.java:379) ~[spring-tx-6.1.13.jar:6.1.13]
	at org.springframework.transaction.interceptor.TransactionInterceptor.invoke(TransactionInterceptor.java:119) ~[spring-tx-6.1.13.jar:6.1.13]
	at org.springframework.aop.framework.ReflectiveMethodInvocation.proceed(ReflectiveMethodInvocation.java:184) ~[spring-aop-6.1.13.jar:6.1.13]
	at org.springframework.dao.support.PersistenceExceptionTranslationInterceptor.invoke(PersistenceExceptionTranslationInterceptor.java:138) ~[spring-tx-6.1.13.jar:6.1.13]
	... 66 common frames omitted

2024-11-15T08:49:03.646-05:00  WARN 8532 --- [SysAlmacenFX] [JavaFX Application Thread] javafx                                   : Loading FXML document with JavaFX API of version 22 by JavaFX runtime of version 16
2024-11-15T08:49:10.599-05:00 ERROR 8532 --- [SysAlmacenFX] [JavaFX Application Thread] p.e.u.s.servicio.ProductoService         : Error al realizar la busqueda

org.springframework.orm.jpa.JpaObjectRetrievalFailureException: Unable to find pe.edu.upeu.sysalmacenfx.modelo.Categoria with id 2
	at org.springframework.orm.jpa.EntityManagerFactoryUtils.convertJpaAccessExceptionIfPossible(EntityManagerFactoryUtils.java:376) ~[spring-orm-6.1.13.jar:6.1.13]
	at org.springframework.orm.jpa.vendor.HibernateJpaDialect.translateExceptionIfPossible(HibernateJpaDialect.java:246) ~[spring-orm-6.1.13.jar:6.1.13]
	at org.springframework.orm.jpa.AbstractEntityManagerFactoryBean.translateExceptionIfPossible(AbstractEntityManagerFactoryBean.java:550) ~[spring-orm-6.1.13.jar:6.1.13]
	at org.springframework.dao.support.ChainedPersistenceExceptionTranslator.translateExceptionIfPossible(ChainedPersistenceExceptionTranslator.java:61) ~[spring-tx-6.1.13.jar:6.1.13]
	at org.springframework.dao.support.DataAccessUtils.translateIfNecessary(DataAccessUtils.java:335) ~[spring-tx-6.1.13.jar:6.1.13]
	at org.springframework.dao.support.PersistenceExceptionTranslationInterceptor.invoke(PersistenceExceptionTranslationInterceptor.java:160) ~[spring-tx-6.1.13.jar:6.1.13]
	at org.springframework.aop.framework.ReflectiveMethodInvocation.proceed(ReflectiveMethodInvocation.java:184) ~[spring-aop-6.1.13.jar:6.1.13]
	at org.springframework.data.jpa.repository.support.CrudMethodMetadataPostProcessor$CrudMethodMetadataPopulatingMethodInterceptor.invoke(CrudMethodMetadataPostProcessor.java:165) ~[spring-data-jpa-3.3.4.jar:3.3.4]
	at org.springframework.aop.framework.ReflectiveMethodInvocation.proceed(ReflectiveMethodInvocation.java:184) ~[spring-aop-6.1.13.jar:6.1.13]
	at org.springframework.aop.interceptor.ExposeInvocationInterceptor.invoke(ExposeInvocationInterceptor.java:97) ~[spring-aop-6.1.13.jar:6.1.13]
	at org.springframework.aop.framework.ReflectiveMethodInvocation.proceed(ReflectiveMethodInvocation.java:184) ~[spring-aop-6.1.13.jar:6.1.13]
	at org.springframework.aop.framework.JdkDynamicAopProxy.invoke(JdkDynamicAopProxy.java:223) ~[spring-aop-6.1.13.jar:6.1.13]
	at jdk.proxy2/jdk.proxy2.$Proxy123.findAll(Unknown Source) ~[na:na]
	at pe.edu.upeu.sysalmacenfx.servicio.ProductoService.listAutoCompletProducto(ProductoService.java:56) ~[classes/:na]
	at pe.edu.upeu.sysalmacenfx.control.Venta_Controller.listarProducto(Venta_Controller.java:106) ~[classes/:na]
	at pe.edu.upeu.sysalmacenfx.control.Venta_Controller.initialize(Venta_Controller.java:86) ~[classes/:na]
	at java.base/jdk.internal.reflect.NativeMethodAccessorImpl.invoke0(Native Method) ~[na:na]
	at java.base/jdk.internal.reflect.NativeMethodAccessorImpl.invoke(NativeMethodAccessorImpl.java:77) ~[na:na]
	at java.base/jdk.internal.reflect.DelegatingMethodAccessorImpl.invoke(DelegatingMethodAccessorImpl.java:43) ~[na:na]
	at java.base/java.lang.reflect.Method.invoke(Method.java:569) ~[na:na]
	at com.sun.javafx.reflect.Trampoline.invoke(MethodUtil.java:76) ~[javafx-base-16-win.jar:na]
	at java.base/jdk.internal.reflect.NativeMethodAccessorImpl.invoke0(Native Method) ~[na:na]
	at java.base/jdk.internal.reflect.NativeMethodAccessorImpl.invoke(NativeMethodAccessorImpl.java:77) ~[na:na]
	at java.base/jdk.internal.reflect.DelegatingMethodAccessorImpl.invoke(DelegatingMethodAccessorImpl.java:43) ~[na:na]
	at java.base/java.lang.reflect.Method.invoke(Method.java:569) ~[na:na]
	at com.sun.javafx.reflect.MethodUtil.invoke(MethodUtil.java:273) ~[javafx-base-16-win.jar:na]
	at com.sun.javafx.fxml.MethodHelper.invoke(MethodHelper.java:83) ~[javafx-fxml-16-win.jar:na]
	at javafx.fxml.FXMLLoader.loadImpl(FXMLLoader.java:2673) ~[javafx-fxml-16-win.jar:na]
	at javafx.fxml.FXMLLoader.loadImpl(FXMLLoader.java:2548) ~[javafx-fxml-16-win.jar:na]
	at javafx.fxml.FXMLLoader.load(FXMLLoader.java:2517) ~[javafx-fxml-16-win.jar:na]
	at pe.edu.upeu.sysalmacenfx.control.GUIMainFX$MenuItemListener.handle(GUIMainFX.java:156) ~[classes/:na]
	at com.sun.javafx.event.CompositeEventHandler.dispatchBubblingEvent(CompositeEventHandler.java:86) ~[javafx-base-16-win.jar:na]
	at com.sun.javafx.event.EventHandlerManager.dispatchBubblingEvent(EventHandlerManager.java:234) ~[javafx-base-16-win.jar:na]
	at com.sun.javafx.event.EventHandlerManager.dispatchBubblingEvent(EventHandlerManager.java:191) ~[javafx-base-16-win.jar:na]
	at com.sun.javafx.event.BasicEventDispatcher.dispatchEvent(BasicEventDispatcher.java:58) ~[javafx-base-16-win.jar:na]
	at com.sun.javafx.event.EventDispatchChainImpl.dispatchEvent(EventDispatchChainImpl.java:114) ~[javafx-base-16-win.jar:na]
	at com.sun.javafx.event.EventUtil.fireEventImpl(EventUtil.java:74) ~[javafx-base-16-win.jar:na]
	at com.sun.javafx.event.EventUtil.fireEvent(EventUtil.java:49) ~[javafx-base-16-win.jar:na]
	at javafx.event.Event.fireEvent(Event.java:198) ~[javafx-base-16-win.jar:na]
	at javafx.scene.control.MenuItem.fire(MenuItem.java:459) ~[javafx-controls-16-win.jar:na]
	at com.sun.javafx.scene.control.ContextMenuContent$MenuItemContainer.doSelect(ContextMenuContent.java:1385) ~[javafx-controls-16-win.jar:na]
	at com.sun.javafx.scene.control.ContextMenuContent$MenuItemContainer.lambda$createChildren$12(ContextMenuContent.java:1338) ~[javafx-controls-16-win.jar:na]
	at com.sun.javafx.event.CompositeEventHandler$NormalEventHandlerRecord.handleBubblingEvent(CompositeEventHandler.java:247) ~[javafx-base-16-win.jar:na]
	at com.sun.javafx.event.CompositeEventHandler.dispatchBubblingEvent(CompositeEventHandler.java:80) ~[javafx-base-16-win.jar:na]
	at com.sun.javafx.event.EventHandlerManager.dispatchBubblingEvent(EventHandlerManager.java:234) ~[javafx-base-16-win.jar:na]
	at com.sun.javafx.event.EventHandlerManager.dispatchBubblingEvent(EventHandlerManager.java:191) ~[javafx-base-16-win.jar:na]
	at com.sun.javafx.event.CompositeEventDispatcher.dispatchBubblingEvent(CompositeEventDispatcher.java:59) ~[javafx-base-16-win.jar:na]
	at com.sun.javafx.event.BasicEventDispatcher.dispatchEvent(BasicEventDispatcher.java:58) ~[javafx-base-16-win.jar:na]
	at com.sun.javafx.event.EventDispatchChainImpl.dispatchEvent(EventDispatchChainImpl.java:114) ~[javafx-base-16-win.jar:na]
	at com.sun.javafx.event.BasicEventDispatcher.dispatchEvent(BasicEventDispatcher.java:56) ~[javafx-base-16-win.jar:na]
	at com.sun.javafx.event.EventDispatchChainImpl.dispatchEvent(EventDispatchChainImpl.java:114) ~[javafx-base-16-win.jar:na]
	at com.sun.javafx.event.BasicEventDispatcher.dispatchEvent(BasicEventDispatcher.java:56) ~[javafx-base-16-win.jar:na]
	at com.sun.javafx.event.EventDispatchChainImpl.dispatchEvent(EventDispatchChainImpl.java:114) ~[javafx-base-16-win.jar:na]
	at com.sun.javafx.event.BasicEventDispatcher.dispatchEvent(BasicEventDispatcher.java:56) ~[javafx-base-16-win.jar:na]
	at com.sun.javafx.event.EventDispatchChainImpl.dispatchEvent(EventDispatchChainImpl.java:114) ~[javafx-base-16-win.jar:na]
	at com.sun.javafx.event.EventUtil.fireEventImpl(EventUtil.java:74) ~[javafx-base-16-win.jar:na]
	at com.sun.javafx.event.EventUtil.fireEvent(EventUtil.java:54) ~[javafx-base-16-win.jar:na]
	at javafx.event.Event.fireEvent(Event.java:198) ~[javafx-base-16-win.jar:na]
	at javafx.scene.Scene$MouseHandler.process(Scene.java:3856) ~[javafx-graphics-16-win.jar:na]
	at javafx.scene.Scene.processMouseEvent(Scene.java:1851) ~[javafx-graphics-16-win.jar:na]
	at javafx.scene.Scene$ScenePeerListener.mouseEvent(Scene.java:2584) ~[javafx-graphics-16-win.jar:na]
	at com.sun.javafx.tk.quantum.GlassViewEventHandler$MouseEventNotification.run(GlassViewEventHandler.java:409) ~[javafx-graphics-16-win.jar:na]
	at com.sun.javafx.tk.quantum.GlassViewEventHandler$MouseEventNotification.run(GlassViewEventHandler.java:299) ~[javafx-graphics-16-win.jar:na]
	at java.base/java.security.AccessController.doPrivileged(AccessController.java:399) ~[na:na]
	at com.sun.javafx.tk.quantum.GlassViewEventHandler.lambda$handleMouseEvent$2(GlassViewEventHandler.java:447) ~[javafx-graphics-16-win.jar:na]
	at com.sun.javafx.tk.quantum.QuantumToolkit.runWithoutRenderLock(QuantumToolkit.java:412) ~[javafx-graphics-16-win.jar:na]
	at com.sun.javafx.tk.quantum.GlassViewEventHandler.handleMouseEvent(GlassViewEventHandler.java:446) ~[javafx-graphics-16-win.jar:na]
	at com.sun.glass.ui.View.handleMouseEvent(View.java:556) ~[javafx-graphics-16-win.jar:na]
	at com.sun.glass.ui.View.notifyMouse(View.java:942) ~[javafx-graphics-16-win.jar:na]
	at com.sun.glass.ui.win.WinApplication._runLoop(Native Method) ~[javafx-graphics-16-win.jar:na]
	at com.sun.glass.ui.win.WinApplication.lambda$runLoop$3(WinApplication.java:174) ~[javafx-graphics-16-win.jar:na]
	at java.base/java.lang.Thread.run(Thread.java:840) ~[na:na]
Caused by: jakarta.persistence.EntityNotFoundException: Unable to find pe.edu.upeu.sysalmacenfx.modelo.Categoria with id 2
	at org.hibernate.jpa.boot.internal.EntityManagerFactoryBuilderImpl$JpaEntityNotFoundDelegate.handleEntityNotFound(EntityManagerFactoryBuilderImpl.java:190) ~[hibernate-core-6.5.3.Final.jar:6.5.3.Final]
	at org.hibernate.event.internal.DefaultLoadEventListener.load(DefaultLoadEventListener.java:212) ~[hibernate-core-6.5.3.Final.jar:6.5.3.Final]
	at org.hibernate.event.internal.DefaultLoadEventListener.loadWithRegularProxy(DefaultLoadEventListener.java:290) ~[hibernate-core-6.5.3.Final.jar:6.5.3.Final]
	at org.hibernate.event.internal.DefaultLoadEventListener.proxyOrLoad(DefaultLoadEventListener.java:242) ~[hibernate-core-6.5.3.Final.jar:6.5.3.Final]
	at org.hibernate.event.internal.DefaultLoadEventListener.doOnLoad(DefaultLoadEventListener.java:111) ~[hibernate-core-6.5.3.Final.jar:6.5.3.Final]
	at org.hibernate.event.internal.DefaultLoadEventListener.onLoad(DefaultLoadEventListener.java:68) ~[hibernate-core-6.5.3.Final.jar:6.5.3.Final]
	at org.hibernate.event.service.internal.EventListenerGroupImpl.fireEventOnEachListener(EventListenerGroupImpl.java:138) ~[hibernate-core-6.5.3.Final.jar:6.5.3.Final]
	at org.hibernate.internal.SessionImpl.fireLoadNoChecks(SessionImpl.java:1225) ~[hibernate-core-6.5.3.Final.jar:6.5.3.Final]
	at org.hibernate.internal.SessionImpl.internalLoad(SessionImpl.java:1071) ~[hibernate-core-6.5.3.Final.jar:6.5.3.Final]
	at org.hibernate.sql.results.graph.entity.internal.EntitySelectFetchInitializer.initializeInstance(EntitySelectFetchInitializer.java:215) ~[hibernate-core-6.5.3.Final.jar:6.5.3.Final]
	at org.hibernate.sql.results.internal.InitializersList.initializeInstance(InitializersList.java:73) ~[hibernate-core-6.5.3.Final.jar:6.5.3.Final]
	at org.hibernate.sql.results.internal.StandardRowReader.coordinateInitializers(StandardRowReader.java:113) ~[hibernate-core-6.5.3.Final.jar:6.5.3.Final]
	at org.hibernate.sql.results.internal.StandardRowReader.readRow(StandardRowReader.java:87) ~[hibernate-core-6.5.3.Final.jar:6.5.3.Final]
	at org.hibernate.sql.results.spi.ListResultsConsumer.consume(ListResultsConsumer.java:205) ~[hibernate-core-6.5.3.Final.jar:6.5.3.Final]
	at org.hibernate.sql.results.spi.ListResultsConsumer.consume(ListResultsConsumer.java:33) ~[hibernate-core-6.5.3.Final.jar:6.5.3.Final]
	at org.hibernate.sql.exec.internal.JdbcSelectExecutorStandardImpl.doExecuteQuery(JdbcSelectExecutorStandardImpl.java:211) ~[hibernate-core-6.5.3.Final.jar:6.5.3.Final]
	at org.hibernate.sql.exec.internal.JdbcSelectExecutorStandardImpl.executeQuery(JdbcSelectExecutorStandardImpl.java:83) ~[hibernate-core-6.5.3.Final.jar:6.5.3.Final]
	at org.hibernate.sql.exec.spi.JdbcSelectExecutor.list(JdbcSelectExecutor.java:76) ~[hibernate-core-6.5.3.Final.jar:6.5.3.Final]
	at org.hibernate.sql.exec.spi.JdbcSelectExecutor.list(JdbcSelectExecutor.java:65) ~[hibernate-core-6.5.3.Final.jar:6.5.3.Final]
	at org.hibernate.query.sqm.internal.ConcreteSqmSelectQueryPlan.lambda$new$2(ConcreteSqmSelectQueryPlan.java:139) ~[hibernate-core-6.5.3.Final.jar:6.5.3.Final]
	at org.hibernate.query.sqm.internal.ConcreteSqmSelectQueryPlan.withCacheableSqmInterpretation(ConcreteSqmSelectQueryPlan.java:382) ~[hibernate-core-6.5.3.Final.jar:6.5.3.Final]
	at org.hibernate.query.sqm.internal.ConcreteSqmSelectQueryPlan.performList(ConcreteSqmSelectQueryPlan.java:302) ~[hibernate-core-6.5.3.Final.jar:6.5.3.Final]
	at org.hibernate.query.sqm.internal.QuerySqmImpl.doList(QuerySqmImpl.java:526) ~[hibernate-core-6.5.3.Final.jar:6.5.3.Final]
	at org.hibernate.query.spi.AbstractSelectionQuery.list(AbstractSelectionQuery.java:423) ~[hibernate-core-6.5.3.Final.jar:6.5.3.Final]
	at org.hibernate.query.Query.getResultList(Query.java:120) ~[hibernate-core-6.5.3.Final.jar:6.5.3.Final]
	at org.springframework.data.jpa.repository.support.SimpleJpaRepository.findAll(SimpleJpaRepository.java:387) ~[spring-data-jpa-3.3.4.jar:3.3.4]
	at java.base/jdk.internal.reflect.NativeMethodAccessorImpl.invoke0(Native Method) ~[na:na]
	at java.base/jdk.internal.reflect.NativeMethodAccessorImpl.invoke(NativeMethodAccessorImpl.java:77) ~[na:na]
	at java.base/jdk.internal.reflect.DelegatingMethodAccessorImpl.invoke(DelegatingMethodAccessorImpl.java:43) ~[na:na]
	at java.base/java.lang.reflect.Method.invoke(Method.java:569) ~[na:na]
	at org.springframework.aop.support.AopUtils.invokeJoinpointUsingReflection(AopUtils.java:355) ~[spring-aop-6.1.13.jar:6.1.13]
	at org.springframework.data.repository.core.support.RepositoryMethodInvoker$RepositoryFragmentMethodInvoker.lambda$new$0(RepositoryMethodInvoker.java:277) ~[spring-data-commons-3.3.4.jar:3.3.4]
	at org.springframework.data.repository.core.support.RepositoryMethodInvoker.doInvoke(RepositoryMethodInvoker.java:170) ~[spring-data-commons-3.3.4.jar:3.3.4]
	at org.springframework.data.repository.core.support.RepositoryMethodInvoker.invoke(RepositoryMethodInvoker.java:158) ~[spring-data-commons-3.3.4.jar:3.3.4]
	at org.springframework.data.repository.core.support.RepositoryComposition$RepositoryFragments.invoke(RepositoryComposition.java:516) ~[spring-data-commons-3.3.4.jar:3.3.4]
	at org.springframework.data.repository.core.support.RepositoryComposition.invoke(RepositoryComposition.java:285) ~[spring-data-commons-3.3.4.jar:3.3.4]
	at org.springframework.data.repository.core.support.RepositoryFactorySupport$ImplementationMethodExecutionInterceptor.invoke(RepositoryFactorySupport.java:628) ~[spring-data-commons-3.3.4.jar:3.3.4]
	at org.springframework.aop.framework.ReflectiveMethodInvocation.proceed(ReflectiveMethodInvocation.java:184) ~[spring-aop-6.1.13.jar:6.1.13]
	at org.springframework.data.repository.core.support.QueryExecutorMethodInterceptor.doInvoke(QueryExecutorMethodInterceptor.java:173) ~[spring-data-commons-3.3.4.jar:3.3.4]
	at org.springframework.data.repository.core.support.QueryExecutorMethodInterceptor.invoke(QueryExecutorMethodInterceptor.java:148) ~[spring-data-commons-3.3.4.jar:3.3.4]
	at org.springframework.aop.framework.ReflectiveMethodInvocation.proceed(ReflectiveMethodInvocation.java:184) ~[spring-aop-6.1.13.jar:6.1.13]
	at org.springframework.data.projection.DefaultMethodInvokingMethodInterceptor.invoke(DefaultMethodInvokingMethodInterceptor.java:70) ~[spring-data-commons-3.3.4.jar:3.3.4]
	at org.springframework.aop.framework.ReflectiveMethodInvocation.proceed(ReflectiveMethodInvocation.java:184) ~[spring-aop-6.1.13.jar:6.1.13]
	at org.springframework.transaction.interceptor.TransactionAspectSupport.invokeWithinTransaction(TransactionAspectSupport.java:379) ~[spring-tx-6.1.13.jar:6.1.13]
	at org.springframework.transaction.interceptor.TransactionInterceptor.invoke(TransactionInterceptor.java:119) ~[spring-tx-6.1.13.jar:6.1.13]
	at org.springframework.aop.framework.ReflectiveMethodInvocation.proceed(ReflectiveMethodInvocation.java:184) ~[spring-aop-6.1.13.jar:6.1.13]
	at org.springframework.dao.support.PersistenceExceptionTranslationInterceptor.invoke(PersistenceExceptionTranslationInterceptor.java:138) ~[spring-tx-6.1.13.jar:6.1.13]
	... 66 common frames omitted

2024-11-15T08:50:01.878-05:00  WARN 8532 --- [SysAlmacenFX] [JavaFX Application Thread] javafx                                   : Loading FXML document with JavaFX API of version 22 by JavaFX runtime of version 16
2024-11-15T08:50:53.022-05:00  INFO 8532 --- [SysAlmacenFX] [SpringApplicationShutdownHook] j.LocalContainerEntityManagerFactoryBean : Closing JPA EntityManagerFactory for persistence unit 'default'
2024-11-15T08:50:53.027-05:00  INFO 8532 --- [SysAlmacenFX] [SpringApplicationShutdownHook] com.zaxxer.hikari.HikariDataSource       : HikariPool-1 - Shutdown initiated...
2024-11-15T08:50:53.032-05:00  INFO 8532 --- [SysAlmacenFX] [SpringApplicationShutdownHook] com.zaxxer.hikari.HikariDataSource       : HikariPool-1 - Shutdown completed.
2024-11-15T08:50:59.064-05:00  INFO 17716 --- [SysAlmacenFX] [JavaFX-Launcher] o.s.boot.SpringApplication               : Starting application using Java 17.0.13 with PID 17716 (started by User in D:\erick avances\MijaelAvancesPOO\SysAlmacenFX)
2024-11-15T08:50:59.070-05:00  INFO 17716 --- [SysAlmacenFX] [JavaFX-Launcher] o.s.boot.SpringApplication               : No active profile set, falling back to 1 default profile: "default"
2024-11-15T08:51:00.059-05:00  INFO 17716 --- [SysAlmacenFX] [JavaFX-Launcher] .s.d.r.c.RepositoryConfigurationDelegate : Bootstrapping Spring Data JPA repositories in DEFAULT mode.
2024-11-15T08:51:00.209-05:00  INFO 17716 --- [SysAlmacenFX] [JavaFX-Launcher] .s.d.r.c.RepositoryConfigurationDelegate : Finished Spring Data repository scanning in 137 ms. Found 15 JPA repository interfaces.
2024-11-15T08:51:00.896-05:00  INFO 17716 --- [SysAlmacenFX] [JavaFX-Launcher] o.hibernate.jpa.internal.util.LogHelper  : HHH000204: Processing PersistenceUnitInfo [name: default]
2024-11-15T08:51:00.976-05:00  INFO 17716 --- [SysAlmacenFX] [JavaFX-Launcher] org.hibernate.Version                    : HHH000412: Hibernate ORM core version 6.5.3.Final
2024-11-15T08:51:01.022-05:00  INFO 17716 --- [SysAlmacenFX] [JavaFX-Launcher] o.h.c.internal.RegionFactoryInitiator    : HHH000026: Second-level cache disabled
2024-11-15T08:51:01.422-05:00  INFO 17716 --- [SysAlmacenFX] [JavaFX-Launcher] o.s.o.j.p.SpringPersistenceUnitInfo      : No LoadTimeWeaver setup: ignoring JPA class transformer
2024-11-15T08:51:01.470-05:00  INFO 17716 --- [SysAlmacenFX] [JavaFX-Launcher] com.zaxxer.hikari.HikariDataSource       : HikariPool-1 - Starting...
2024-11-15T08:51:01.650-05:00  INFO 17716 --- [SysAlmacenFX] [JavaFX-Launcher] com.zaxxer.hikari.pool.HikariPool        : HikariPool-1 - Added connection org.sqlite.jdbc4.JDBC4Connection@4a6500b2
2024-11-15T08:51:01.661-05:00  INFO 17716 --- [SysAlmacenFX] [JavaFX-Launcher] com.zaxxer.hikari.HikariDataSource       : HikariPool-1 - Start completed.
2024-11-15T08:51:03.763-05:00  INFO 17716 --- [SysAlmacenFX] [JavaFX-Launcher] o.h.e.t.j.p.i.JtaPlatformInitiator       : HHH000489: No JTA platform available (set 'hibernate.transaction.jta.platform' to enable JTA platform integration)
2024-11-15T08:51:03.826-05:00  INFO 17716 --- [SysAlmacenFX] [JavaFX-Launcher] j.LocalContainerEntityManagerFactoryBean : Initialized JPA EntityManagerFactory for persistence unit 'default'
2024-11-15T08:51:04.295-05:00  INFO 17716 --- [SysAlmacenFX] [JavaFX-Launcher] o.s.d.j.r.query.QueryEnhancerFactory     : Hibernate is in classpath; If applicable, HQL parser will be used.
2024-11-15T08:51:04.874-05:00  INFO 17716 --- [SysAlmacenFX] [JavaFX-Launcher] o.s.boot.SpringApplication               : Started application in 6.693 seconds (process running for 7.777)
2024-11-15T08:51:04.971-05:00  WARN 17716 --- [SysAlmacenFX] [JavaFX-Launcher] javafx                                   : Loading FXML document with JavaFX API of version 22 by JavaFX runtime of version 16
2024-11-15T08:51:16.770-05:00  WARN 17716 --- [SysAlmacenFX] [JavaFX Application Thread] javafx                                   : Loading FXML document with JavaFX API of version 22 by JavaFX runtime of version 16
2024-11-15T08:58:18.817-05:00  INFO 17716 --- [SysAlmacenFX] [JavaFX Application Thread] j.LocalContainerEntityManagerFactoryBean : Closing JPA EntityManagerFactory for persistence unit 'default'
2024-11-15T08:58:18.817-05:00  INFO 17716 --- [SysAlmacenFX] [JavaFX Application Thread] com.zaxxer.hikari.HikariDataSource       : HikariPool-1 - Shutdown initiated...
2024-11-15T08:58:18.823-05:00  INFO 17716 --- [SysAlmacenFX] [JavaFX Application Thread] com.zaxxer.hikari.HikariDataSource       : HikariPool-1 - Shutdown completed.
